{"0": 2.355017744000179, "1": 3.358619054000428, "2": 3.4767667409996648, "3": 3.3791934189998756, "4": 3.4986031530002037, "5": 3.423042579000139, "6": 3.469765022000047, "7": 3.4500608329999523, "8": 3.4238378580002973, "9": 3.448503230999904, "10": 3.40740682500018, "11": 3.4271825999999237, "12": 3.425481885999943, "13": 3.3952047430002494, "14": 3.4479157559999294, "15": 3.5072048259999065, "16": 3.421137291999912, "17": 3.6477418579997902, "18": 3.4903716389999317, "19": 3.454358064999724, "20": 3.4400431690000914, "21": 3.4418176590002076, "22": 3.435035470999992, "23": 3.511030964999918, "24": 3.475171455000236, "25": 3.4097413910003525, "26": 3.6101352310001857, "27": 3.4518443290003233, "28": 3.5980811350000295, "29": 3.514071393999984, "30": 3.428695854000125, "31": 3.4175703779997093, "32": 3.479589692000445, "33": 3.5044510039997476, "34": 3.4708847570000216, "35": 3.424651362000077, "36": 3.3801331459999346, "37": 3.4889297560002888, "38": 3.5668052190003436, "39": 3.480167789999996, "40": 3.5133952569999565, "41": 3.41930559299999, "42": 3.5775307310000244, "43": 3.499526439999954, "44": 3.484780709000006, "45": 3.4402199950000067, "46": 3.423280223999882, "47": 3.376496563999808, "48": 3.3741213650000645, "49": 3.441940076999799, "50": 3.3188135179998426, "51": 3.3214919279998867, "52": 3.3600338940000256, "53": 3.3629179329996077, "54": 3.3297270600000957, "55": 3.3400621890000366, "56": 3.3635889530000895, "57": 3.3919853649999823, "58": 3.4709749039998314, "59": 3.5350674169999365, "60": 3.45683740100003, "61": 3.401365240999894, "62": 3.3156896569998935, "63": 3.33606273300029, "64": 3.359432255000229, "65": 3.3997929940001086, "66": 3.536030639999808, "67": 3.5776736869997876, "68": 3.4931825979997484, "69": 3.4273132179996537, "70": 3.4019187030003195, "71": 3.46767941600001, "72": 3.409314303999963, "73": 3.414738011999816, "74": 3.555997650000336, "75": 3.430454870000176, "76": 3.509173515000384, "77": 3.496039789000406, "78": 3.643573363000087, "79": 4.400396209000064, "80": 4.477682120999816, "81": 4.0581139599999005, "82": 3.9151481349999813, "83": 3.5141829359999974, "84": 3.497313847999976, "85": 3.5751122199999372, "86": 3.533549781000147, "87": 3.618272462999812, "88": 3.542253890000211, "89": 3.5973617489999015, "90": 3.6785812070002066, "91": 3.4414201770000545, "92": 3.596947132999958, "93": 3.3287270989999342, "94": 3.4177982760002124, "95": 3.4266454680000606, "96": 3.436335954000242, "97": 3.4414086179999686, "98": 3.414947633000338, "99": 3.359452616999988, "100": 3.462162880000051, "101": 3.4202956500002983, "102": 3.4482666389999395, "103": 3.4400301680002485, "104": 3.4384790449998945, "105": 3.451205666000078, "106": 3.4689139130000513, "107": 3.500524012999904, "108": 3.4559821640000337, "109": 3.4580871329999354, "110": 3.470351558999937, "111": 3.4935642030000054, "112": 3.5084297580001476, "113": 3.4563371330000336, "114": 3.6453828079997947, "115": 3.4435948130003453, "116": 3.4859189609996974, "117": 3.483033341999999, "118": 3.5452849939997577, "119": 3.4387170640002296, "120": 3.4408319289996143, "121": 3.4732268299999305, "122": 3.409921246000067, "123": 3.463829973999964, "124": 3.8307948760002546, "125": 3.463775844999873, "126": 3.452394644999913, "127": 3.504798925999694, "128": 3.4128622860002906, "129": 3.4717914449997807, "130": 3.502514189000067, "131": 3.370110400000158, "132": 3.478285417999814, "133": 3.4054175209998903, "134": 3.590937570999813, "135": 3.3475270039998577, "136": 3.26369396400014, "137": 3.277922428000238, "138": 3.270267112000056, "139": 3.298335290000068, "140": 3.282984874000249, "141": 3.270603557999948, "142": 3.26246933099992, "143": 3.2611967049997475, "144": 3.2437250110001514, "145": 3.2558330819997536, "146": 3.279146458000014, "147": 3.291519428999891, "148": 3.2896960650000437, "149": 3.3309419170000183, "150": 3.438377859999946, "151": 3.263535705000322, "152": 3.262425945999894, "153": 3.310230632999719, "154": 3.3797311289999925, "155": 3.283666730999812, "156": 3.267743652000263, "157": 3.304311890000008, "158": 3.2849829840001803, "159": 3.2835698879998745, "160": 3.30903235400001, "161": 3.313174226999763, "162": 3.448459805999846, "163": 3.2633540820002054, "164": 3.248421172000235, "165": 3.3028740720001224, "166": 3.3095531659996595, "167": 3.3473458990001745, "168": 3.286052951000329, "169": 3.281013818000247, "170": 3.2967043329999797, "171": 3.2660551750000195, "172": 3.2187582450001173, "173": 3.2322599819999596, "174": 3.263079132999792, "175": 3.2587301130001833, "176": 3.310876523999923, "177": 3.4272613839998485, "178": 3.3615027020000525, "179": 3.323392717000388, "180": 3.3291383089999727, "181": 3.2853196039995964, "182": 3.2558933270001944, "183": 3.310893786000179, "184": 3.2938109530000474, "185": 3.285653393999837, "186": 3.3292111490000025, "187": 3.3339804790002745, "188": 3.3528734839997014, "189": 3.299250119000135, "190": 3.2973634760001005, "191": 3.3461815610003214, "192": 3.3344119229996068, "193": 3.339791051999782, "194": 3.5134309850000136, "195": 3.301061525000023, "196": 3.3091812630000277, "197": 3.322302056999888, "198": 3.305080733000068, "199": 3.3799637430001894, "200": 3.3603630130000965, "201": 3.363506697000048, "202": 3.3923151959997995, "203": 3.35234274000004, "204": 3.481077498999639, "205": 3.3548212030000286, "206": 3.3377231619997474, "207": 3.3315100560002975, "208": 3.31372429799967, "209": 3.3050415249999787, "210": 3.293292930000007, "211": 3.2747167460001947, "212": 3.352786671999638, "213": 3.669531653999911, "214": 3.564500378000048, "215": 3.4154571170001873, "216": 3.4244727010000133, "217": 3.5072219590001623, "218": 3.4588442379999833, "219": 3.380684407999979, "220": 3.371107977000065, "221": 3.4401522639996074, "222": 3.3947538010002063, "223": 3.441456128000027, "224": 3.3830093179999494, "225": 3.3524076639996565, "226": 3.3165005749997363, "227": 3.368736412999624, "228": 3.3949340439999105, "229": 3.3789800299996386, "230": 3.315225284999997, "231": 3.4016245389998403, "232": 3.507496493999952, "233": 3.4185503260000587, "234": 3.380611284999759, "235": 3.376355289000003, "236": 3.3627896910002164, "237": 3.3922597620003216, "238": 3.47016140300002, "239": 3.3778185769997435, "240": 3.353304816000218, "241": 3.3677544289998878, "242": 3.44207440900027, "243": 3.4544892560002154, "244": 3.4120198950004124, "245": 3.3834717059999093, "246": 3.384599010000329, "247": 3.3782877260000532, "248": 3.3980383460002486, "249": 3.439561073999812}