{"0": 5.239956824000004, "1": 5.207387995000005, "2": 5.0798099959999945, "3": 4.512754342000008, "4": 4.291887396999996, "5": 4.225455651000004, "6": 3.8024480849999946, "7": 3.640643165, "8": 3.700445774000002, "9": 3.39504392500001, "10": 3.3459238949999985, "11": 3.309529115999993, "12": 3.375800145999989, "13": 3.3972768069999972, "14": 3.322577238000008, "15": 3.5177142089999904, "16": 3.4598898520000034, "17": 3.599084805999979, "18": 3.5362145459999965, "19": 3.5041876940000236, "20": 3.5825014939999846, "21": 3.6638690329999974, "22": 3.8490625299999977, "23": 3.693651840000001, "24": 3.619153802999989, "25": 3.466208624000018, "26": 3.571479393000004, "27": 3.4068941190000146, "28": 3.43720060199999, "29": 3.4589513720000014, "30": 3.461131320000021, "31": 3.528901036999997, "32": 3.4261312399999895, "33": 3.4962314590000005, "34": 3.4188958430000014, "35": 3.3633174240000017, "36": 3.4157468630000096, "37": 3.347802386000012, "38": 3.3478436690000137, "39": 3.3239461390000145, "40": 3.3389471119999996, "41": 3.314125200999996, "42": 3.440647532000014, "43": 3.34575811900001, "44": 3.3515138299999876, "45": 3.3455091289999928, "46": 3.605059675999968, "47": 3.3356638210000256, "48": 3.3909631399999967, "49": 3.3415991740000095, "50": 3.3596795720000046, "51": 3.414169496999989, "52": 3.3518259589999957, "53": 3.3571203419999733, "54": 3.397014041000034, "55": 3.352090841000006, "56": 3.353509986000006, "57": 3.390888137000047, "58": 3.38796858500001, "59": 3.3479457180000054, "60": 3.465059365000002, "61": 3.3217668590000358, "62": 3.3685706310000114, "63": 3.3938680630000135, "64": 3.3367101480000088, "65": 3.317878472000018, "66": 3.316626713000005, "67": 3.301910432999989, "68": 3.281538494000017, "69": 3.315943295000011, "70": 3.335704487999976, "71": 3.3299577569999883, "72": 3.338583596000035, "73": 3.471956750000004, "74": 3.470579199000042, "75": 4.0630411800000275, "76": 4.598993921000044, "77": 4.087251373000015, "78": 3.6541774079999527, "79": 3.404879211999969, "80": 3.4460481659999687, "81": 3.594411180999998, "82": 3.516703456000016, "83": 3.426851926999973, "84": 3.3875772199999687, "85": 3.3709769929999993, "86": 3.325231890999987, "87": 3.47044187299997, "88": 3.3374100369999837, "89": 3.339074368000013, "90": 3.3795391900000027, "91": 3.3617178750000107, "92": 3.3596981569999684, "93": 3.6366697839999915, "94": 3.4334112970000206, "95": 3.3673388640000326, "96": 3.401616474999969, "97": 3.3882163019999894, "98": 3.404654014000016, "99": 3.434452962000023, "100": 3.4401992770000334, "101": 3.3669721570000206, "102": 3.424648085000001, "103": 3.4127183279999826, "104": 3.3722427769999967, "105": 3.473042175000046, "106": 3.349273018999952, "107": 3.370033520999982, "108": 3.3762946759999863, "109": 3.390139189000024, "110": 3.3907152479999922, "111": 3.3996195729999954, "112": 3.4130843089999985, "113": 3.418728718000011, "114": 3.4576193839999974, "115": 3.47870915499999, "116": 3.581489334999958, "117": 3.6119248749999997, "118": 3.712139141000023, "119": 3.6370002640000507, "120": 3.7576920190000465, "121": 3.6730845090000344, "122": 3.8469178210000337, "123": 3.7086795230000007, "124": 3.7118009939999865, "125": 3.7132328620000408, "126": 3.6866087650000736, "127": 3.7913128010000037, "128": 3.7084683809999888, "129": 3.6560431629999357, "130": 3.781813580000062, "131": 3.6426846049999995, "132": 3.768460258999994, "133": 3.7045184699999254, "134": 3.6839381610000146, "135": 3.6692697779999435, "136": 3.6185803470000337, "137": 3.55703697499996, "138": 3.549443113999928, "139": 3.6489930289999393, "140": 3.59558907600001, "141": 3.533274247999998, "142": 3.525782968000044, "143": 3.5766059290000385, "144": 3.507585838999944, "145": 3.4583813200000577, "146": 3.6111479119999785, "147": 3.6085453339999276, "148": 3.5709650969999984, "149": 3.765158104000079, "150": 3.5751308409999183, "151": 3.5741223640000044, "152": 3.4696562499999573, "153": 3.600095202000034, "154": 3.4707651470000656, "155": 3.45115328899999, "156": 3.3581493579999915, "157": 3.3599444220000123, "158": 3.4587200539999685, "159": 3.420618015999935, "160": 3.5570775060000415, "161": 3.3629791920000116, "162": 3.357929624999997, "163": 3.2611974069999405, "164": 3.323314269000093, "165": 3.3840259989999595, "166": 3.4433154490000106, "167": 3.4224287040000263, "168": 3.4688468720000856, "169": 3.430356030999974, "170": 3.415074877000052, "171": 3.405331515999933, "172": 3.605780516999971, "173": 3.4023874539999497, "174": 3.47682251599997, "175": 3.4260397530000546, "176": 3.514874285000019, "177": 3.39600945199993, "178": 3.393856272999983, "179": 3.474644188999946, "180": 3.4686263199999985, "181": 3.517501554999967, "182": 3.4851735490000237, "183": 3.425074827000003, "184": 3.410113229999979, "185": 3.3706571069999427, "186": 3.4157519010000215, "187": 3.4166671549999137, "188": 3.5325231380001014, "189": 3.474888667000073, "190": 3.4901065130000006, "191": 3.476959463999947, "192": 3.492965507000008, "193": 3.4830103329999247, "194": 3.439222240000049, "195": 3.5532503719999795, "196": 3.5007699370000864, "197": 3.4912724980000576, "198": 3.5179390649999505, "199": 3.560827185999983, "200": 3.435231548000047, "201": 3.537860992999981, "202": 3.5596299560000944, "203": 3.5257331290000593, "204": 3.47037844700003, "205": 3.510200456000007, "206": 3.4715075000000297, "207": 3.440187347999995, "208": 3.47805835500003, "209": 3.360950355, "210": 3.3687578849999227, "211": 3.3644058950000044, "212": 3.362773471999958, "213": 3.3527401730000292, "214": 3.3705616319999763, "215": 3.350479468000003, "216": 3.368508593999991, "217": 3.402518842999939, "218": 3.3679309970000304, "219": 3.410590415999991, "220": 3.4257244579999906, "221": 3.404788706999966, "222": 3.397050142000012, "223": 3.453866396999956, "224": 3.4127309890000106, "225": 3.521897018000004, "226": 3.4306515560000435, "227": 3.3889449020000484, "228": 3.31185420099996, "229": 3.330593826999916, "230": 3.4482871949999208, "231": 3.3671071840000195, "232": 3.3349220609999293, "233": 3.3209618910000245, "234": 3.365649008000105, "235": 3.361881091999976, "236": 3.3532666119999703, "237": 3.3601924150000286, "238": 3.3539686420000407, "239": 3.3819465099999206, "240": 3.4823139970000057, "241": 3.4334470889999693, "242": 3.414976984999953, "243": 3.3574711300000217, "244": 3.4129553530000294, "245": 3.385010771999987, "246": 3.4817073850000497, "247": 3.3947202680000146, "248": 3.3972069200000305, "249": 3.3733817680000584}