{"0": 6.33146832500006, "1": 4.333625648000634, "2": 3.7005719939998016, "3": 4.624601616999826, "4": 3.6074131819996182, "5": 3.781814470000427, "6": 3.4411368040000525, "7": 3.5525933549997717, "8": 3.57870386400009, "9": 3.9569372750002003, "10": 3.736639245999868, "11": 3.579993098000159, "12": 4.406968197999959, "13": 3.810820589999821, "14": 3.66626556600022, "15": 3.5807417209998675, "16": 3.793032029000642, "17": 3.5270984489998227, "18": 3.552132365000034, "19": 3.5659082969996234, "20": 3.4755654720001985, "21": 3.538523287999851, "22": 3.5999880310000663, "23": 3.5291178590005075, "24": 3.4798522830005822, "25": 3.7155790140004683, "26": 3.832220578000488, "27": 3.458762190000016, "28": 3.7095087190000413, "29": 3.610884839999926, "30": 3.5493653490002544, "31": 3.4473002169997926, "32": 3.8596705240006486, "33": 3.5333668960001887, "34": 3.7744571620005445, "35": 3.5066560409995873, "36": 4.729064737999579, "37": 3.6165684850002435, "38": 3.512091006999981, "39": 3.5284115089998522, "40": 3.538991337999505, "41": 3.6261643699999695, "42": 3.856592696000007, "43": 3.727081277999787, "44": 3.911772084000404, "45": 3.7908671060004053, "46": 3.720070988999396, "47": 3.711707223000303, "48": 3.831438719000289, "49": 3.7781976619999114, "50": 3.6769792650002273, "51": 3.863866517000133, "52": 3.9231579990000682}