{"0": 2.9617220730000042, "1": 3.5650285250000024, "2": 3.6660126669999897, "3": 3.590299043999991, "4": 4.193164451000001, "5": 4.715898321999987, "6": 3.71273872499998, "7": 3.256941230999985, "8": 3.9709370460000173, "9": 4.032712763999996, "10": 3.7878036350000173, "11": 3.2281607589999908, "12": 3.224102998999996, "13": 3.2379013919999977, "14": 3.533641997000018, "15": 3.3321548479999876, "16": 3.2251912289999893, "17": 3.2266736509999987, "18": 3.217469219999998, "19": 3.229884874999982, "20": 3.253054463000012, "21": 3.2339196520000257, "22": 3.236492831999982, "23": 3.2369095349999952, "24": 3.2631906089999916, "25": 3.244337962000003, "26": 3.2411980059999905, "27": 3.2379212019999954, "28": 3.240525307000013, "29": 3.2321569169999975, "30": 3.235799123999982, "31": 3.2307480770000154, "32": 3.2929843790000177, "33": 3.374795344000006, "34": 3.2698584990000086, "35": 3.2471254449999947, "36": 4.089863508999997, "37": 3.2409960060000174, "38": 3.2292574139999886, "39": 3.240040417999978, "40": 3.231439301999984, "41": 3.245737398999978, "42": 3.248133684999999, "43": 3.2746545629999844, "44": 3.2562261539999895, "45": 3.2585901639999975, "46": 3.25132380499997, "47": 3.2483325829999785, "48": 3.255762967999999, "49": 3.251736074000007, "50": 3.267967889999966, "51": 3.2675964279999903, "52": 3.2443794870000033, "53": 3.2483257929999922, "54": 3.256233011000006, "55": 3.322703912999998, "56": 3.5563321060000135, "57": 3.5128456870000377, "58": 3.7996023710000486, "59": 3.637886084999991, "60": 3.339906266000014, "61": 3.27002434100001, "62": 3.4515188400000056, "63": 3.255705057, "64": 3.256497754999998, "65": 3.2603686909999965, "66": 3.25936036600001, "67": 3.261416359000009, "68": 3.377152163000005, "69": 3.254374841000015, "70": 3.4840042639999638, "71": 3.256411614000001, "72": 3.359486053000012, "73": 3.251897987999996, "74": 3.264478863000022, "75": 3.2999750050000216, "76": 3.2629553260000534, "77": 3.2770840129999783, "78": 3.300151028000016, "79": 3.2640433020000046, "80": 3.418462391999981, "81": 3.8649045829999977, "82": 3.444200787999989, "83": 3.2664118759999496, "84": 3.26138150700001, "85": 3.2926639300000033, "86": 3.608400951999954, "87": 3.266445497999996, "88": 3.270069440000043, "89": 3.3764110999999843, "90": 3.60013211200004, "91": 3.268021094000005, "92": 3.601643059999958, "93": 3.2650657030000048, "94": 3.263747422999984, "95": 3.2546321809999768, "96": 3.2721952660000397, "97": 3.271428692000029, "98": 3.2716825869999866, "99": 3.261139366000009, "100": 3.2972330250000255, "101": 3.286546644999987, "102": 3.260775381999963, "103": 3.2567457269999522, "104": 3.2647976499999913, "105": 3.260194833000014, "106": 3.274015937999991, "107": 3.2764395579999928, "108": 3.2670648030000393, "109": 3.2722230269999955, "110": 3.2653477149999617, "111": 3.268153116999997, "112": 3.2804447560000085, "113": 3.274099788000001, "114": 3.3268064910000135, "115": 3.272515155999997, "116": 3.2717198320000307, "117": 3.2832638159999874, "118": 3.276369886999987, "119": 3.315457327000047, "120": 3.3283552120000195, "121": 3.2994055970000318, "122": 3.3062395399999787, "123": 3.291081393000013, "124": 3.2775915380000242, "125": 3.2790966250000793, "126": 3.526907718000075, "127": 3.5204128689999834, "128": 3.273868469999911, "129": 3.278895308000074, "130": 3.2938596750000215, "131": 3.2911172230000147, "132": 3.2829848989999846, "133": 3.281730738999954, "134": 3.2814850780000597, "135": 3.283603876999905, "136": 3.3117223790000025, "137": 3.28945080699998, "138": 3.2816717889999154, "139": 3.2923773679999613, "140": 3.297128581000038, "141": 3.2831912789999933, "142": 3.277736445000073, "143": 3.277102462000016, "144": 3.275123141999984, "145": 3.280660492000038, "146": 3.3064738309999484, "147": 3.3008748120000746, "148": 3.280007062999971, "149": 3.2842595399999936, "150": 3.2862615640000286, "151": 3.2815650960000085, "152": 3.2780654649999406, "153": 3.840284868000026, "154": 3.2812994969999636, "155": 3.416697908999936, "156": 3.286515566999924, "157": 3.9484090369999194, "158": 3.28525700900002, "159": 3.624411124999938, "160": 3.507667989999959, "161": 3.402875657999971, "162": 3.300477517000104, "163": 3.269910710999966, "164": 3.2837426779999532, "165": 4.14957846599998, "166": 3.325752476000048, "167": 3.282703639000033, "168": 3.275700267999923, "169": 3.2771769239999458, "170": 3.295329157000083, "171": 3.3214801630000466, "172": 3.475015188000043, "173": 3.5206462510000165, "174": 3.296126885000035, "175": 3.4949766500000123, "176": 4.329964319000055, "177": 6.086219862000007, "178": 4.336565489000009, "179": 4.947420143000045, "180": 5.106907315999933, "181": 3.4671849169999405, "182": 3.2739232389999415, "183": 3.2686027820000163, "184": 3.2652667830000155, "185": 3.2484976460000325, "186": 3.233345512999904, "187": 3.2425810680000495, "188": 3.2609967719999986, "189": 3.251159152000014, "190": 3.2541674149999835, "191": 3.245345536000059, "192": 3.24928063699997, "193": 3.2531790150000006, "194": 3.249732639000058, "195": 3.2576874370000724, "196": 3.2519256049999967, "197": 3.243477320000011, "198": 3.2563096949999135, "199": 3.251457092999999, "200": 3.2476199769999994, "201": 3.2600353650000216, "202": 3.2517677570000387, "203": 3.2446902709999677, "204": 3.242540001000066, "205": 3.250315365000006, "206": 3.2597783050000544, "207": 3.260102083999982, "208": 3.269766122999954, "209": 3.2678943429999663, "210": 3.265989334999972, "211": 3.2766901049999433, "212": 3.2691526600000316, "213": 3.262607050999918, "214": 3.2566233789999615, "215": 3.262611363000019, "216": 3.2582956859999967, "217": 3.25291275099994, "218": 3.25540098700003, "219": 3.2607384899999943, "220": 3.280867902999944, "221": 3.277408955999931, "222": 3.2723099830000137, "223": 3.2544823079999787, "224": 3.52322797599993, "225": 3.255760744999975, "226": 3.249970404999999, "227": 3.2591524999999137, "228": 3.2522662529999025, "229": 3.2512950529999216, "230": 3.277780559000007, "231": 3.2511523679999073, "232": 3.2560076690000415, "233": 3.267269952999982, "234": 3.2482822020000413, "235": 3.249296759999993, "236": 3.2592890220000754, "237": 3.295725994999998, "238": 3.2594068090000974, "239": 3.2796806970000034, "240": 3.2810270329999867, "241": 3.2583391130000336, "242": 3.2587455369999816, "243": 3.254573965000077, "244": 3.2678218519999973, "245": 3.2573112699999456, "246": 3.2958365559999265, "247": 3.248481556999991, "248": 3.259480550000035, "249": 3.2465251869999747, "250": 3.2561525429999847, "251": 3.258159771999999, "252": 3.2654469839999365, "253": 3.262479806999977, "254": 3.2589547549999907, "255": 3.2534362850000207, "256": 3.2503789489999235, "257": 3.250570678000031, "258": 3.2438579160000245, "259": 3.2474762640000563, "260": 3.2586700509999673, "261": 3.2516260340000827, "262": 3.2638331179999795, "263": 3.262469298000042, "264": 3.263900995999961, "265": 3.309254676000023, "266": 3.251934867999921, "267": 3.2700783540000202, "268": 3.2585348860000067, "269": 3.5584296920000043, "270": 3.3638308729999835, "271": 3.318360015000053, "272": 3.2707140139999638, "273": 3.2537086419999923, "274": 3.262797416000012, "275": 3.2566195549998156, "276": 3.6491581560001123, "277": 3.2483479130000887, "278": 3.2614989659998628, "279": 3.295529581999972, "280": 3.2535352090001197, "281": 3.257579893000184, "282": 3.332834520000006, "283": 3.3047590109999874, "284": 3.2705373470000723, "285": 3.296431040000016, "286": 3.2687138779999714, "287": 3.249499379000099, "288": 3.276671897000142, "289": 3.2631864669999686, "290": 3.9363242160000027, "291": 3.435117494999986, "292": 3.2501449490000596, "293": 3.244779989000108, "294": 3.2564782130000367, "295": 3.269674849000012, "296": 3.277060075999998, "297": 3.2629884979999133, "298": 3.2611736080000355, "299": 3.2486394050001763, "300": 3.2818614149998666, "301": 3.3120667050000066, "302": 3.3150809129999743, "303": 3.303392351999946, "304": 3.262118198000053, "305": 3.267406413000117,