{"0": 2.1028832409999723, "1": 3.338653903000022, "2": 3.289734257000191, "3": 3.2822814679998373, "4": 3.2948813670000163, "5": 3.441943933999937, "6": 3.318757964000042, "7": 3.3044363069998326, "8": 3.3237873120001495, "9": 3.304746408000028, "10": 3.320865170000161, "11": 3.325251490000028, "12": 3.3538611419999143, "13": 3.3244565200000125, "14": 3.3493433999999525, "15": 3.3087101480000456, "16": 3.331265008999935, "17": 3.3259956439999314, "18": 3.348164977999886, "19": 3.3271977920001063, "20": 3.3373930149998614, "21": 3.324967433000211, "22": 3.3278598750000583, "23": 3.3199247360000754, "24": 3.3322984330000054, "25": 3.3355520789998536, "26": 3.346804038999835, "27": 3.32559799500018, "28": 3.346075216999907, "29": 3.341602949999924, "30": 3.4257821459998468, "31": 3.3477274740000666, "32": 3.342238105999968, "33": 3.3533532920000653, "34": 3.343928961000074, "35": 3.3486981009998544, "36": 3.3817168410000704, "37": 3.365560362999986, "38": 3.3742385809998723, "39": 3.453973951999842, "40": 3.3643419470001845, "41": 3.3874790589998156, "42": 3.42967868300002, "43": 3.410161991999985, "44": 3.3916496410001855, "45": 3.4187848419999227, "46": 3.4131116170001405, "47": 3.609506220999947, "48": 3.4106332879998718, "49": 3.417999972999951, "50": 3.418691387999843, "51": 3.4091424729999744, "52": 3.405499958999826, "53": 3.4297301619999416, "54": 3.4129065919998993, "55": 3.416713996999988, "56": 3.429098737000004, "57": 3.4038576789998842, "58": 3.4071024190000117, "59": 3.4405206960000214, "60": 3.4423893199998474, "61": 3.4146026950002124, "62": 3.40747028099986, "63": 3.430059777999986, "64": 3.412871358000075, "65": 3.4045951210000567, "66": 3.4298298199998953, "67": 3.4141123629999583, "68": 3.4208566919999157, "69": 3.4492570720001368, "70": 3.4251385319998917, "71": 3.411647050000056, "72": 3.445188401999985, "73": 3.7426072270000077, "74": 4.143161980999821, "75": 4.1754197140001, "76": 4.619242965000012, "77": 5.366990622000003, "78": 12.313138334000087, "79": 4.263432078999813, "80": 3.7771628680002323, "81": 3.467374894999921, "82": 3.8811897539999336, "83": 3.6931350230001954, "84": 3.415498739999748, "85": 3.4199739029995726, "86": 3.4754365439998764, "87": 3.4363483449997148, "88": 3.4263270930000544, "89": 3.4567023279996647, "90": 3.4246375129996522, "91": 3.4110308920003263, "92": 3.430535654999858, "93": 3.425804477999918, "94": 3.438587939000172, "95": 3.4648428509999576, "96": 3.4144917170001463, "97": 3.4263704250001865, "98": 3.4436101520000193, "99": 3.4462301779999507, "100": 3.4210826510002335, "101": 3.4242009109998435, "102": 3.4366113470000528, "103": 3.4288129850001496, "104": 3.4204769579996537, "105": 3.434897265000018, "106": 3.429767017999893, "107": 3.4248428119999517, "108": 3.4580811680002626, "109": 3.4433582199999364, "110": 3.4341106669999135, "111": 3.464870911000162, "112": 3.4162936449997687, "113": 3.436744044000079, "114": 3.4684212299998762, "115": 3.427075894000154, "116": 3.428453085000001, "117": 3.4337508050002725, "118": 3.43060573799994, "119": 3.4219000650000453, "120": 3.4483689430003324, "121": 3.4436788000002707, "122": 3.4224691330000496, "123": 3.43720433999988, "124": 3.469660863000172, "125": 3.4200947160002215, "126": 3.40816446000008, "127": 3.4384690739998405, "128": 3.429028388000006, "129": 3.4206098000004204, "130": 3.441735468999923, "131": 3.409659745999761, "132": 3.410085355999854, "133": 3.4291919829997823, "134": 3.4185012240000106, "135": 3.42101551199994, "136": 3.4245786189999308, "137": 3.484544471999925, "138": 4.314577680000184, "139": 4.304078762000245, "140": 3.850872815999992, "141": 3.5245389309998245, "142": 3.3123224880000635, "143": 3.4056851129998904, "144": 3.300758247000431, "145": 3.313633421999839, "146": 3.341202055999929, "147": 3.295017142999768, "148": 3.293424486999811, "149": 3.335927311999967, "150": 3.301437843000258, "151": 3.3042966620000698, "152": 3.3322329570000875, "153": 3.304702656000245, "154": 3.2966703679999227, "155": 3.299790233999829, "156": 3.3246867930001827, "157": 3.303443930999947, "158": 3.307296827999835, "159": 3.318232077000175, "160": 3.310494844999994, "161": 3.3022946349997255, "162": 3.339622588000111, "163": 3.308867285999895, "164": 3.323225294999702, "165": 3.3263248990001557, "166": 3.306904252000095, "167": 3.3078150179999284, "168": 3.3338259189999917, "169": 3.3216228330002195, "170": 3.3101365289999194, "171": 3.3520567959999426, "172": 3.304520599999705, "173": 3.3125785090001045, "174": 3.304280379999909, "175": 3.341709013000127, "176": 3.2919154890000755, "177": 3.313049021000097, "178": 3.3071960329998547, "179": 3.3201541230000657, "180": 3.286198192000029, "181": 3.3426817619997564, "182": 3.3235835119999138, "183": 3.312883206999686, "184": 3.334044709000409, "185": 3.3171219609998843, "186": 3.30797350299963, "187": 3.3425567809999848, "188": 3.304084836000129, "189": 3.2966391130003103, "190": 3.3436452949999875, "191": 3.2985619440000846, "192": 3.3003840750002382, "193": 3.3026954850001857, "194": 3.322373368999706, "195": 3.3033413140001358, "196": 3.3104447279997657, "197": 3.3250276349999695, "198": 3.2964030319999438, "199": 3.3054924660000324, "200": 3.338296862000334, "201": 3.314428792000399, "202": 3.3082688140002574, "203": 3.33898989599993, "204": 3.3014209299999493, "205": 3.3114567329998863, "206": 3.3398526209998636, "207": 3.3142122300000665, "208": 3.309106278999934, "209": 3.346528926999781, "210": 3.3018170840000494, "211": 3.308500541000285, "212": 3.30759236699987, "213": 3.3321417870001824, "214": 3.3155117470000732, "215": 3.3058008789998894, "216": 3.331448337999973, "217": 3.30289867700003, "218": 3.3307289320000564, "219": 3.337951252000039, "220": 3.2960149720001937, "221": 3.29430277199981, "222": 3.341312657999879, "223": 3.3093008050000208, "224": 3.307263862000127, "225": 3.3344700430002376, "226": 3.3124396540001726, "227": 3.3049886109997715, "228": 3.335358176999762, "229": 3.3190085559999716, "230": 3.3047338620003757, "231": 3.3076572560003115, "232": 3.321689425999921, "233": 3.310540822999883, "234": 3.2995793590002904, "235": 3.320506170000044, "236": 3.316447786000026, "237": 3.301203805000114, "238": 3.3289342130001387, "239": 3.3053386400001727, "240": 3.3210821889997533, "241": 3.3244266860001517, "242": 3.3048984659999405, "243": 3.298714318999828, "244": 3.376389908999954, "245": 3.4323056680000263, "246": 3.7193698529999892, "247": 3.4024149060001037, "248": 3.4170291129998986, "249": 3.46549787999993, "250": 3.425167035999948, "251": 3.430922039000052, "252": 3.453719555999669, "253": 3.4611863050004104, "254": 3.4520298170000387, "255": 3.478460518999782, "256": 3.430090274000122, "257": 3.4296328850000464, "258": 3.438634918000389, "259": 3.4571646590002274, "260": 3.4265614689998074, "261": 3.429815388999941, "262": 3.447886060000201, "263": 3.4311207989999275, "264": 3.4471631549999984, "265": 3.470026403999782, "266": 3.4312403720000475, "267": 3.437311525000041, "268": 3.4576984849995824, "269": 3.4268971110000166, "270": 3.426867798999865, "271": 3.4605435160001434, "272": 3.430890702999932, "273": 3.440462642000057, "274": 3.4616846650001207, "275": 3.4272014620000846, "276": 3.4458786000000146, "277": 3.442621996000071, "278": 3.447597871999733, "279": 3.431274334000136, "280": 3.4315577889997257, "281": 3.4465610120000747, "282": 3.432281315000182, "283": 3.418524850999802, "284": 3.4633949169997322, "285": 3.422404832999746, "286": 3.4354633909997574, "287": 3.4689554569999927, "288": 3.431651320000128, "289": 3.4352192009996543, "290": 3.4623731440001393, "291": 3.4522747629998776, "292": 3.445260386999962, "293": 3.4639474740001788, "294": 3.431458100999862, "295": 3.4319140569996307, "296": 3.444844797999849, "297": 3.4420260130000315, "298": 3.4307149539999955, "299": 3.4357415559998117, "300": 3.450739676000012, "301": 3.4306284720000804, "302": 3.4314504750000197, "303": 3.48181266399979, "304": 3.4622812610000437, "305": 3.43951438699969,