{"0": 2.060933485000078, "1": 2.0769732210001166, "2": 1.820342957000321, "3": 1.8718073189997995, "4": 3.0125062900001467, "5": 1.9432425349996265, "6": 2.081575571999565, "7": 1.7262159890001385, "8": 1.4919640089997301, "9": 1.0242408899998736, "10": 1.0826642359998004, "11": 1.3257482139997592, "12": 1.3922087440000723, "13": 1.3557875360002072, "14": 1.8033888750001097, "15": 1.5067739410001195, "16": 1.6887096270002075, "17": 1.3062442119999105, "18": 1.3080135179998251, "19": 1.603784746999736, "20": 1.6881240020002224, "21": 1.7214458869998452, "22": 1.6927209169998605, "23": 1.7038025370002288, "24": 1.7070365599997785, "25": 1.714336909999929, "26": 1.6997480429999996, "27": 1.7496585750000122, "28": 1.691614665999623, "29": 1.681879380999817, "30": 1.6884654450000198, "31": 1.3814700959997026, "32": 1.3147085720001996, "33": 1.5742538079998667, "34": 1.3727246249995915, "35": 1.589336860000003, "36": 1.3895957310000995, "37": 1.0033949690000554, "38": 0.9672293870003159, "39": 0.9738725870001872, "40": 1.2332657390002169, "41": 1.2935214670001187, "42": 0.992332682000324, "43": 0.9611224029999903, "44": 0.9771460420001858, "45": 1.2371160269999564, "46": 1.2894621250002274, "47": 1.2791712550001648, "48": 1.267583016000117, "49": 1.2774506529999599, "50": 1.2795571530000416, "51": 0.9783376349996615, "52": 1.2064628510001967, "53": 1.2717520090000107, "54": 1.243106311000247, "55": 1.2600338219999685, "56": 1.2583990010002708, "57": 1.2623486610000327, "58": 1.5306786019996252, "59": 1.582482243999948, "60": 1.5987661489998573, "61": 1.5998179959997287, "62": 1.31480148799983, "63": 1.2455269450001651, "64": 1.2505942309999227, "65": 1.5201246139999967, "66": 1.3155596880001212, "67": 1.5185576080002647, "68": 1.900230959000055, "69": 1.683886381999855, "70": 1.5934711240001889, "71": 1.646672032999959, "72": 1.601263986000049, "73": 1.5993847859999732, "74": 1.6115909049999573, "75": 1.307973987999958, "76": 1.2384735529999489, "77": 1.2439543890000095, "78": 1.5115799479999623, "79": 1.9057351040000867, "80": 1.7033455810001215, "81": 1.6176727020001636, "82": 1.610166208999999, "83": 1.6075568910000584, "84": 1.5965925169998627, "85": 1.632292418000361, "86": 1.3102185310003733, "87": 1.231109056999685, "88": 2.0733676439999726, "89": 1.8060252660002334, "90": 1.6188048810004148, "91": 1.9103492369999913, "92": 1.7123071359997084, "93": 1.899538985000163, "94": 1.7136323749996336, "95": 1.325202635000096, "96": 1.2704858659999445, "97": 1.5312054159999207, "98": 1.6368761300000187, "99": 1.9126153430001978, "100": 1.4040154469998924, "101": 1.2561140899997554, "102": 1.2682072910001807, "103": 1.5218575409999175, "104": 1.0224804220001715, "105": 1.1922981919997255, "106": 1.5478280410002299, "107": 1.6234673509998174, "108": 1.637404492999849, "109": 1.6130356980002034, "110": 1.6416604119999647, "111": 1.6124737109998932, "112": 1.9232404200001838, "113": 1.7071640630001639, "114": 1.9157557530002123, "115": 1.736182486999951, "116": 1.9410147300000062, "117": 1.7299512279996634, "118": 1.6510911329996816, "119": 1.9464563000001363, "120": 1.7152569439999752, "121": 1.626666662000389, "122": 1.6433943279998857, "123": 1.651373648000117, "124": 1.9634722119999424, "125": 1.7524331340000572, "126": 1.6358325249998416, "127": 1.642478435999692, "128": 1.63307752899982, "129": 1.9321991800002252, "130": 2.034280662999663, "131": 2.0504900910000288, "132": 2.058000029000141, "133": 2.0431783949998135, "134": 2.042767869999807, "135": 2.064469380999981, "136": 2.045702411000093, "137": 1.7101413159998629, "138": 1.9398696649996054, "139": 1.7227918750004392, "140": 1.9318710289999217, "141": 1.7217629540000416, "142": 1.9369861839995792, "143": 2.049596255999859, "144": 1.709395902000324, "145": 1.6390442980000444, "146": 1.640128800999264, "147": 1.948723295000491, "148": 2.0458150509994084, "149": 1.7186824460004573, "150": 1.6401743829992483, "151": 1.9386042589994759, "152": 1.7236753600000156, "153": 1.9226185409997925, "154": 1.7167759619997014, "155": 1.9207665829999314, "156": 2.0336166090000916, "157": 2.0241038260001005, "158": 2.002575710000201, "159": 2.0152648620005493, "160": 2.018176845999733, "161": 2.3358418870002424, "162": 2.1399339219997273, "163": 1.7136095679998107, "164": 1.613477081000383, "165": 1.612007783000081, "166": 1.9095050949999859, "167": 2.0157678089999536, "168": 2.0192520979999244, "169": 2.012352333000308, "170": 2.343258046000301, "171": 2.134019721000186, "172": 2.041328885000439, "173": 1.718096186999901, "174": 1.645520580000266, "175": 1.615642509999816, "176": 1.9301664009999513, "177": 1.7195076799998787, "178": 1.9323239999994257, "179": 2.03463898300015, "180": 1.6919070009998904, "181": 1.617275884999799, "182": 1.614422396000009, "183": 1.6271126920000825, "184": 1.6079389930000616, "185": 1.9238513509999393, "186": 1.7232385500001328, "187": 1.9232200939995892, "188": 1.719659006999791, "189": 1.9314094219998879, "190": 2.0678870929996265, "191": 1.7201358960001016, "192": 1.6137675569998464, "193": 1.6160403630001383, "194": 1.6231559179996111, "195": 1.611589083000581, "196": 1.6221628809998947, "197": 1.6239628129997072, "198": 1.9113718690005044, "199": 2.026347409000664, "200": 2.033558174999598, "201": 2.0510938280003757, "202": 2.0319589320006344, "203": 2.0326155089996973, "204": 2.0354650970002695, "205": 1.7083955939997395, "206": 1.6231380219996936, "207": 1.6174663530000544, "208": 1.654808633000357, "209": 1.628481097999611, "210": 1.959720685999855, "211": 1.7052288770000814, "212": 1.6178549619999103, "213": 1.3297061509993, "214": 1.533606680000048, "215": 1.610060285000145, "216": 1.620751688999917, "217": 1.3257847249997212, "218": 1.2592425630000434, "219": 1.261406980999709, "220": 1.260359982999944, "221": 1.2544673180000245, "222": 1.2682623760001661, "223": 1.2543752870005846, "224": 1.259686848000456, "225": 1.5252947110002424, "226": 1.317083109000123, "227": 1.5330463730006159, "228": 1.619063494999864, "229": 1.6160443759999907, "230": 1.621836624000025, "231": 1.6212657810001474, "232": 1.6284520670005804, "233": 1.6197019000001092, "234": 1.6147710779996487, "235": 1.3260162590004256, "236": 1.5401644899993698, "237": 1.6256513420003103, "238": 1.633317636999891, "239": 1.6359314389992505, "240": 1.6584234860001743, "241": 1.6199426450002647, "242": 1.6139535730007992, "243": 1.6255386409993662, "244": 1.625537599999916, "245": 1.9319180219999907, "246": 1.8128468810000413, "247": 1.654722488000516, "248": 1.6164464410003347, "249": 1.6143526010000642}