{"0": 3.3577473459999965, "1": 3.4500768959999846, "2": 2.0663265160000037, "3": 2.622378741999995, "4": 2.4576129659999992, "5": 2.053431711999991, "6": 2.259874587000013, "7": 2.7225931190000097, "8": 2.1765873040000088, "9": 1.9722947440000098, "10": 1.9447553199999845, "11": 1.9507711949999873, "12": 1.9477637669999979, "13": 2.2568717030000016, "14": 2.089606212999996, "15": 2.0001193530000023, "16": 1.9971774050000022, "17": 1.9759046549999937, "18": 1.9519667229999982, "19": 1.9422775239999908, "20": 1.9552310889999944, "21": 1.9811473050000075, "22": 1.9927165990000049, "23": 1.979204081000006, "24": 1.9754342389999806, "25": 1.9816065370000047, "26": 1.9744656610000106, "27": 1.9613838360000102, "28": 2.0008567970000115, "29": 1.9688042900000085, "30": 1.976662785000002, "31": 2.27523100800002, "32": 2.086032897999985, "33": 1.9573506829999872, "34": 2.6220771349999836, "35": 2.1872272460000204, "36": 1.9669051830000228, "37": 1.9827458600000227, "38": 2.3016788360000078, "39": 2.425438823999997, "40": 2.096438758000005, "41": 2.289746873000013, "42": 2.0753389759999834, "43": 1.995324955000001, "44": 2.0059301809999965, "45": 1.9840696799999762, "46": 2.2785046059999843, "47": 2.127199595999997, "48": 1.9793629520000025, "49": 1.9904637589999936, "50": 1.9929039440000054, "51": 1.9953479409999773, "52": 2.021169431000004, "53": 1.990131883999993, "54": 2.0051589990000025, "55": 1.9925009559999864, "56": 2.2969110170000135, "57": 2.43959096399999, "58": 2.798556577999989, "59": 2.936497416000009, "60": 2.596952382999973, "61": 2.4631019560000027, "62": 2.450868277999973, "63": 2.450048633999984, "64": 2.4273155990000532, "65": 2.1255595509999807, "66": 2.2983322050000083, "67": 2.4504151730000103, "68": 2.1253067570000326, "69": 1.9954712360000144, "70": 2.0177893819999895, "71": 2.6341177270000458, "72": 2.5958183570000415, "73": 2.4670852579999973, "74": 2.463257747, "75": 2.8137687629999846, "76": 2.978996133999999, "77": 2.620852875999958, "78": 2.124362786000006, "79": 2.0296618840000065, "80": 2.69460349000002, "81": 2.626748254000006, "82": 2.799367926000002, "83": 2.97908926599996, "84": 2.989902486999995, "85": 3.002515150000022, "86": 2.6179935559999876, "87": 2.821548204999999, "88": 3.0204661699999633, "89": 2.9995396499999742, "90": 2.2566270779999513, "91": 2.3264048119999643, "92": 2.135499827999979, "93": 2.0227969919999964, "94": 2.3350421579999647, "95": 2.1350084549999906, "96": 2.352870738999968, "97": 2.1638179379999656, "98": 1.7171423710000226, "99": 1.9186819589999686, "100": 1.717248823000034, "101": 1.6240954149999993, "102": 1.9199349470000016, "103": 2.4117158829999994, "104": 2.1374609020000435, "105": 2.0097131079999713, "106": 2.0250478480000424, "107": 2.0416115099999956, "108": 2.074003062000031, "109": 2.495527098000025, "110": 2.524179337000021, "111": 2.5102548289999618, "112": 2.601524584999993, "113": 2.3811455240000328, "114": 2.978182821999951, "115": 2.182109201000003, "116": 2.3738228400000025, "117": 2.7615349210000204, "118": 2.824828836999984, "119": 2.616791400000011, "120": 2.505100466999977, "121": 2.4891951120000044, "122": 2.4821424549999733, "123": 2.5185231020000174, "124": 2.4922970929999906, "125": 2.1520275270000297, "126": 2.683988011999986, "127": 2.612095734000036, "128": 2.5018687410000098, "129": 2.476343666000048, "130": 2.4587943549999522, "131": 2.5064624820000176, "132": 2.497610709000014, "133": 2.133020748999968, "134": 2.0199451930000123, "135": 2.0464547880000055, "136": 2.0414702389999775, "137": 2.030486628999995, "138": 2.0169871659999785, "139": 1.998637871000028, "140": 2.0100957239999957, "141": 2.0177382830000283, "142": 2.0093204379999747, "143": 2.003386734000003, "144": 2.014165264999974, "145": 2.0181301399999825, "146": 2.002659950000009, "147": 2.020972873000005, "148": 2.0207216759999937, "149": 2.0411576399999944, "150": 2.0160365389999697, "151": 1.99924108700003, "152": 2.023899642999993, "153": 2.030537002000017, "154": 1.7259353580000152, "155": 1.9190135640000108, "156": 2.0272459230000095, "157": 2.0173107979999827, "158": 2.3352400599999896, "159": 2.451268196000001, "160": 2.1260041630000046, "161": 2.0409772030000113, "162": 2.044008550000001, "163": 2.035852302999956, "164": 2.0351371119999726, "165": 2.021129774999963, "166": 2.3427565359999676, "167": 2.1262401520000367, "168": 2.006495839999957, "169": 2.015016557000081, "170": 2.0161113229999046, "171": 2.673958620999997, "172": 2.5979869510000526, "173": 2.4802233770000157, "174": 1.8302231029999803, "175": 1.9099608910000825, "176": 2.3634470209999563, "177": 2.1388628130000598, "178": 2.0288379029999533, "179": 1.7281763119999596, "180": 1.909802366000008, "181": 2.361841643000048, "182": 2.129664704999982, "183": 2.0145124719999785, "184": 2.0126008299999967, "185": 2.0068784210000103, "186": 2.04467062599997, "187": 2.034146224999972, "188": 1.706120386000066, "189": 1.6433324800000264, "190": 1.8933123830000795, "191": 1.7001948060000132, "192": 1.9139684440000337, "193": 1.6965674839999565, "194": 1.9036760989999948, "195": 2.3443576990000565, "196": 2.4665772780000452, "197": 2.488509696000051, "198": 2.1487759449998975, "199": 2.054737472000056, "200": 2.041549271000008, "201": 2.3234079530000145, "202": 2.1360673130000123, "203": 2.029474343000061, "204": 1.7149744949999786, "205": 1.6189936729999772, "206": 1.927037323000036, "207": 2.0577463060000127, "208": 2.035442767000063, "209": 2.0477879970000004, "210": 2.0374347810000017, "211": 2.0384682700000667, "212": 2.040426939999975, "213": 2.0274770820000185, "214": 2.0251826050000545, "215": 2.0317247719999614, "216": 2.021717757999909, "217": 2.039843442000006, "218": 2.039695171999938, "219": 2.011641620999967, "220": 2.0319890260000193, "221": 2.0182821250000416, "222": 2.038993442999981, "223": 2.0289622479999707, "224": 2.0190071560000433, "225": 2.040473754000004, "226": 2.031895205000069, "227": 2.026109216000009, "228": 2.033334148999984, "229": 2.0505202020000297, "230": 2.0336912110000185, "231": 2.033516277999979, "232": 2.034201467999992, "233": 2.0457570119999673, "234": 2.0264147720000665, "235": 2.030193725999993, "236": 2.0377672809999012, "237": 2.0213513600000397, "238": 2.0335682830000223, "239": 2.0343254790000174, "240": 2.0321612220000134, "241": 2.0220926169999984, "242": 2.030081092000046, "243": 2.008892832000015, "244": 2.0085125299999618, "245": 2.0577509649999683, "246": 2.009606179000002, "247": 2.0246398860000454, "248": 2.0331479670001045, "249": 2.016195741000047}