{"0": 2.3103938919994107, "1": 0.9781558760005282, "2": 0.9658719170001859, "3": 0.9520830370001931, "4": 2.326043729999583, "5": 3.2302860540003167, "6": 2.4205057869985467, "7": 1.1419204079993506, "8": 1.0428707629998826, "9": 1.0633782960012468, "10": 1.0480340769991017, "11": 0.9979131260006397, "12": 1.017606633999094, "13": 1.0449876689999655, "14": 1.2198382819988183, "15": 1.2867211299999326, "16": 1.266794385999674, "17": 1.3623414680005226, "18": 1.3214826509993145, "19": 1.3203377869995165, "20": 1.2840843600006338, "21": 1.3004654689993913, "22": 1.3177037280001969, "23": 1.3827472739994846, "24": 1.3662702760011598, "25": 1.2902744589991926, "26": 1.3135209440006292, "27": 1.2752863390014681, "28": 1.288830733001305, "29": 1.3000954010003625, "30": 1.273152443998697, "31": 1.3176257470004202, "32": 1.274902575998567, "33": 1.2915154590009479, "34": 1.3106829690004815, "35": 1.2956792780005344, "36": 1.3122674209989782, "37": 1.2891356230011297, "38": 1.2879484149998461, "39": 1.2958054209993861, "40": 1.2790759700001217, "41": 1.3049773439997807, "42": 1.2783620499994868, "43": 1.3061697049997747, "44": 1.2852468000000954, "45": 1.3191828400013037, "46": 1.307076697001321, "47": 1.2833646809995116, "48": 1.3237675489999674, "49": 1.5810390770002414, "50": 1.3616796440001053, "51": 1.2805647320001299, "52": 1.2916387730001588}