{"0": 1.8154238019999411, "1": 1.619884010000078, "2": 1.6051928120000412, "3": 1.5393178639999405, "4": 1.581264062000173, "5": 1.5530651560000024, "6": 1.5369404160001068, "7": 1.5788608839998233, "8": 1.5552485929999875, "9": 1.5600011450001148, "10": 1.558138124999914, "11": 1.5615094259999296, "12": 1.54878281099991, "13": 1.5511331249999785, "14": 1.5537418750000143, "15": 1.5576021870001568, "16": 1.5593766140000298, "17": 1.5493833330001507, "18": 1.5714531250000618, "19": 1.551900415999853, "20": 1.8558834370001023, "21": 1.9649756239998624, "22": 1.9737605719999465, "23": 1.9847298429999682, "24": 1.97294213400005, "25": 1.9870482290000382, "26": 1.98651635300007, "27": 1.9827776559998256, "28": 2.025739999000052, "29": 2.1884002080000755, "30": 2.3793985410000005, "31": 2.117504270000154, "32": 2.2691569260000506, "33": 2.934764426000129, "34": 2.1767378110000664, "35": 2.42856749900011, "36": 2.9023249990000295, "37": 2.184404114000017, "38": 2.02116609299992, "39": 2.3961123429999134, "40": 2.4814811969999937, "41": 2.124602915999958, "42": 2.030007029999979, "43": 2.048186145000045, "44": 2.0859889579999162, "45": 2.0501902080000036, "46": 2.0333893749998424, "47": 2.0467091650000384, "48": 2.056746406000002, "49": 2.2625244260000272, "50": 2.270141821999914, "51": 2.270096353000099, "52": 2.5205538010000055, "53": 2.7009985400000005, "54": 2.4734843740000088, "55": 2.494674113999963, "56": 2.1501504679999925, "57": 2.0724503639999057, "58": 2.4172370310000133, "59": 2.5365900509998482, "60": 2.5033868739999434, "61": 2.528796457999988, "62": 3.2159376029999294, "63": 2.212351405999925, "64": 2.065906041000062, "65": 2.0451872910000475, "66": 2.0916176030000315, "67": 2.7490331760000117, "68": 2.665792603, "69": 2.1765382280000267, "70": 2.7765690609999183, "71": 2.192062081999893, "72": 2.542604686000004, "73": 2.080521405000127, "74": 1.7324360410000281, "75": 2.1202479159999257, "76": 2.0281890619999103, "77": 1.788691301999961, "78": 1.7095042710000143, "79": 2.003387291000081, "80": 1.9947772900000018, "81": 1.886956770000097, "82": 1.8339564059999702, "83": 2.232088644999976, "84": 2.2564006759998847, "85": 2.0957629160000124, "86": 2.105086302000018, "87": 2.2639378110000052, "88": 2.602856614000075, "89": 1.7412441139999828, "90": 1.645372967999947, "91": 1.641717342999982, "92": 1.817046198000071, "93": 2.21899656100004, "94": 1.9797516139999516, "95": 1.8574816660000124, "96": 1.8116074470001422, "97": 1.7287993219999862, "98": 1.6170866139998452, "99": 1.8472858850000193, "100": 1.6354154690000087, "101": 2.1092318739999882, "102": 1.8485901040000954, "103": 2.015486092999936, "104": 1.7530551029999515, "105": 1.8307213529999444}