{"0": 0.7915232670000023, "1": 0.630737411000041, "2": 0.6330853519999664, "3": 0.6333872750000182, "4": 0.6337565459999723, "5": 0.6325669419999258, "6": 0.6346954000000551, "7": 0.633179178999967, "8": 0.6370186469999908, "9": 0.6632168290000209, "10": 0.6344660549999617, "11": 0.6332329059999893, "12": 0.6309796450000249, "13": 0.6369564849999279, "14": 0.6398218250000127, "15": 0.6411669940000593, "16": 0.6427341950000027, "17": 0.6372108399999661, "18": 0.6342924680000124, "19": 0.6392888760000233, "20": 0.6386342270000114, "21": 0.6330794160001005, "22": 0.6377854040000557, "23": 0.6338670190000357, "24": 0.6364607970000407, "25": 0.6425700830000096, "26": 0.6371041790000618, "27": 0.6347115400000121, "28": 0.6361905109999952, "29": 0.6299162130000013, "30": 0.6340332349999471, "31": 0.6358197629999722, "32": 0.635653560000037, "33": 0.6352318809999815, "34": 0.6328983070000049, "35": 0.6355985960000226, "36": 0.6435590510000111, "37": 0.6388621669999566, "38": 0.6366048429999864, "39": 0.6469671510000126, "40": 0.6370504650000157, "41": 0.6406736280000587, "42": 0.6359039819999452, "43": 0.6402312189999293, "44": 0.6326550269999416, "45": 0.6328094010000314, "46": 0.6402088610000192, "47": 0.6365196440000318, "48": 0.6360275509999838, "49": 0.6408186460000707, "50": 0.6415678160000198, "51": 0.6371151030000419, "52": 0.640695193000056, "53": 0.6372989499999449, "54": 0.6420567119999987, "55": 0.637411807000035, "56": 0.6392055219999975, "57": 0.639100204999977, "58": 0.6381545630000574, "59": 0.6415126730000793, "60": 0.6372375140000486, "61": 0.637201570000002, "62": 0.6416463599999815, "63": 0.635149350000006, "64": 0.6404135219999034, "65": 0.6438445509999156, "66": 0.6412075339999319, "67": 0.6348530800000844, "68": 0.6402892869999732, "69": 0.6437109360000477, "70": 0.6363432419999526, "71": 0.6395437459999584, "72": 0.6397528570000759, "73": 0.6392430560000548, "74": 0.6381989249999833, "75": 0.6359200910000027, "76": 0.6378525599999421, "77": 0.6335582850000492, "78": 0.6323960280000165, "79": 0.6346303750000288, "80": 0.6431080219999785, "81": 0.6357870990000265, "82": 0.6390819790000251, "83": 0.6750514599999633, "84": 0.6425226350000912, "85": 0.6396614000000227, "86": 0.6409803690000899, "87": 0.6413710479999963, "88": 0.6460591719999229, "89": 0.6426400660000127, "90": 0.644946860999994, "91": 0.6416283800000429, "92": 0.6413632159999452, "93": 0.6401564809999627, "94": 0.6413302920000206, "95": 0.6442829279999387, "96": 0.6423448289999669, "97": 0.6439068209999732, "98": 0.6442397389999996, "99": 0.6402033349999101, "100": 0.6462180880000687, "101": 0.6439462879999382, "102": 0.6432510669999374, "103": 0.6405901470000117, "104": 0.6431270489999861, "105": 0.643318765999993, "106": 0.6431671459999961, "107": 0.6529014770000003, "108": 0.6461654549999594, "109": 0.6422675420000132, "110": 0.6456811740000603, "111": 0.6412727319999476, "112": 0.6469705040000235, "113": 0.6435921810000309, "114": 0.6443210910000516, "115": 0.6486779619999652, "116": 0.64793492900003, "117": 0.6502641189999849, "118": 0.6490435810000008, "119": 0.6442836269999361, "120": 0.6409326469999996, "121": 0.6505214019999812, "122": 0.6471577649999745, "123": 0.6425582289999738, "124": 0.6383142710000129, "125": 0.6394382390000146, "126": 0.6442437609999843, "127": 0.6541515810000647, "128": 0.6591003309999905, "129": 0.6482749949999516, "130": 0.6419475239999883, "131": 0.6485817110000198, "132": 0.6425974730000235, "133": 0.643580189999966, "134": 0.6424725169999874, "135": 0.6457964600000423, "136": 0.6466196420000188, "137": 0.647777620999932, "138": 0.6414547339999217, "139": 0.6436145459999807, "140": 0.6462660329999608, "141": 0.6437552730000107, "142": 0.6481771420000086, "143": 0.645470285999977, "144": 0.6454809089999571, "145": 0.6424642040000208, "146": 0.6409656950000908, "147": 0.6455785580000111, "148": 0.6467638289999513, "149": 0.6465058029999682, "150": 0.6480118579999044, "151": 0.643297010000083, "152": 0.641859386999954, "153": 0.6452498909999349, "154": 0.6465121939999108, "155": 0.6445501909998939, "156": 0.6426718839999239, "157": 0.6449252929999147, "158": 0.6469898459999968, "159": 0.6446666900000082, "160": 0.648284856000032, "161": 0.6513255130000744, "162": 0.6442962099999932, "163": 0.6465254519999917, "164": 0.6458608590000949, "165": 0.6428667070000529, "166": 0.6428386320000072, "167": 0.6418011690000185, "168": 0.648241291999966, "169": 0.6580290059999925, "170": 0.6411077160000787, "171": 0.6475802869999825, "172": 0.6452027589999716, "173": 0.6430811679999806, "174": 0.6436074740000777, "175": 0.6469553760000508, "176": 0.6514457879999327, "177": 0.6502851989999954, "178": 0.6472201110000242, "179": 0.6417413469999929, "180": 0.6395237680000037, "181": 0.6462782169999173, "182": 0.6510842589999584, "183": 0.6453261190000603, "184": 0.6482354720000103, "185": 0.6491756890000033, "186": 0.6473686880000287, "187": 0.6417458600000145, "188": 0.6464724740000065, "189": 0.6490438030000405, "190": 0.6469330989999662, "191": 0.6470764329999383, "192": 0.6523752409999588, "193": 0.6476828400000159, "194": 0.6488824880000266, "195": 0.6441620680000142, "196": 0.6499428070000022, "197": 0.6456686429999081, "198": 0.6458507270000382, "199": 0.6491703959999313, "200": 0.6469069839999975, "201": 0.6449327409999341, "202": 0.650320767999915, "203": 0.6489111149999189, "204": 0.6462915509999902, "205": 0.6464677490000668, "206": 0.6434191199999759, "207": 0.6419912359999671, "208": 0.653188339000053, "209": 0.6444181350000235, "210": 0.6488781819999758, "211": 0.6481785889999401, "212": 0.6454276709999931, "213": 0.6454759499999909, "214": 0.6473850329999777, "215": 0.6452059439999402, "216": 0.645092294000051, "217": 0.6473557560000245, "218": 0.6473370029999614, "219": 0.6507358930000464, "220": 0.6474579389999917, "221": 0.6438536769999246, "222": 0.6527387229999704, "223": 0.6503853089999438, "224": 0.6437854409999773, "225": 0.6517657379999946, "226": 0.648198404000027, "227": 0.6476529269999673, "228": 0.6475966749999316, "229": 0.6447071619999178, "230": 0.648972050999987, "231": 0.6481902179999679, "232": 0.6469984840000507, "233": 0.6453021600000284, "234": 0.6516979589999892, "235": 0.6468147779999072, "236": 0.6490491239999301, "237": 0.6507139849999248, "238": 0.6457059580000077, "239": 0.6455350170000429, "240": 0.6476423830000613, "241": 0.6481795739999825, "242": 0.6449459940000679, "243": 0.6434981649999827, "244": 0.6457579799999849, "245": 0.6483456629999864, "246": 0.6446283289999428, "247": 0.6470157999999628, "248": 0.6504852129999108, "249": 0.6448597840000048, "250": 0.6494121770000447, "251": 0.6495254059999525, "252": 0.6460777620000044, "253": 0.6467671420000443, "254": 0.8877759659999356, "255": 0.6650294259999328, "256": 0.6459659809999039, "257": 0.6489418989999649, "258": 0.6491663799999969, "259": 0.651635414999987, "260": 0.6518284889999677, "261": 0.6459489950000261, "262": 0.6498344519999364, "263": 0.6460771700000123, "264": 0.6453005449999409, "265": 0.6475147349999588, "266": 0.646983893999959, "267": 0.645691430999932, "268": 0.6521630639999785, "269": 0.6469227960000126, "270": 0.6600926269999263, "271": 0.6442242210000586, "272": 0.6506062170000178, "273": 0.6561536730000626, "274": 0.6487039009999762, "275": 0.6460731419999775, "276": 0.651080071000024, "277": 0.6518089829999099, "278": 0.6449709380000286, "279": 0.6519309080000539, "280": 0.6510929290000149, "281": 0.6439960789999759, "282": 0.6438608150000391, "283": 0.648794098000053, "284": 0.6493210810000392, "285": 0.6463312550000637, "286": 0.6486373730000423, "287": 0.6482527840000785, "288": 0.6463725540000951, "289": 0.6486840369999527, "290": 0.6523236059999817, "291": 0.6480781410000418, "292": 0.64686250200009, "293": 0.6501978490000511, "294": 0.6522241719999329, "295": 0.6478034980000302, "296": 0.6524052649999703, "297": 0.650541440999973, "298": 0.6473219260000178, "299": 0.6498315350000894, "300": 0.652273695999952,