{"0": 0.6589951949999886, "1": 0.5343792110002141, "2": 0.3491002870000557, "3": 0.784958867000114, "4": 0.663403197000207, "5": 0.6648269209999853, "6": 0.6690510070002347, "7": 0.7002784830001474, "8": 0.7731646080001155, "9": 0.7462198660000467, "10": 0.6784397199999148, "11": 0.6765841690003072, "12": 0.6654912670001067, "13": 0.659223294000185, "14": 0.6915920940000433, "15": 0.6686342449997937, "16": 0.6598948210003073, "17": 0.7116184410001551, "18": 0.6946663210001134, "19": 0.6723562960000891, "20": 0.6930164000000332, "21": 0.7163416559997131, "22": 0.8915927610000836, "23": 0.7939510969999901, "24": 0.6631853630001388, "25": 0.6488727690002634, "26": 0.6557532040001206, "27": 0.6897592210002585, "28": 0.6756263700003728, "29": 0.6711798339997586, "30": 0.6577915799998664, "31": 0.6704540959999576, "32": 0.6461743990003015, "33": 0.6494653439999638, "34": 0.6406458150004255, "35": 0.6463528440003756, "36": 0.6414941660000295, "37": 0.6518588819999422, "38": 0.6391286600000967, "39": 0.6759002980002151, "40": 0.7367386119999537, "41": 0.6430305029998635, "42": 0.6443211529999644, "43": 0.6405079099999966, "44": 0.6367874289999236, "45": 0.646312183000191, "46": 0.6469120380002096, "47": 0.641279127999951, "48": 0.6401411409997309, "49": 0.6357451260000744, "50": 0.6368623349999325, "51": 0.6421854509999321, "52": 0.640084841999851, "53": 0.6450386299998172, "54": 0.654036602999895, "55": 0.6412726280000243, "56": 0.6483534330000111, "57": 0.64374163399998, "58": 0.6573081249998722, "59": 0.6579160030000821, "60": 0.6654040520002127, "61": 0.6390411410002343, "62": 0.6361902580001697, "63": 0.6324361819997648, "64": 0.6460440810001273, "65": 0.6380036790001213, "66": 0.63784581300024, "67": 0.6402939310000875, "68": 0.6423334479995901, "69": 0.6419838070000878, "70": 0.6439205100000436, "71": 0.6484924149999642, "72": 0.6423491309997189, "73": 0.6445681820000573, "74": 0.6358254240003589, "75": 0.6396052330001112, "76": 0.6397002879998581, "77": 0.6412289619997864, "78": 0.6445033969998804, "79": 0.6458291509998162, "80": 0.64312134399961, "81": 0.6450432549995639, "82": 0.6461006700001235, "83": 0.638418921000266, "84": 0.6413710060000994, "85": 0.6403201030002492, "86": 0.6421197720001146, "87": 0.6457036389997484, "88": 0.6443694499998855, "89": 0.6479776930000298, "90": 0.6415183089998209, "91": 0.6388651379998009, "92": 0.6631808319998527, "93": 0.643937939999887, "94": 0.643351471999722, "95": 0.6440370589998565, "96": 0.6527519030000803, "97": 0.6655246300001636, "98": 0.6608954349999294, "99": 0.6450223939996249, "100": 0.6397071960000176, "101": 0.6422023469999658, "102": 0.6442679060000955, "103": 0.6450226599999951, "104": 0.6475361960001464, "105": 0.6475288000001456, "106": 0.6400263780001296, "107": 0.6433065410001291, "108": 0.6459122139999636, "109": 0.6603982539995741, "110": 0.6560389080000277, "111": 0.6397317959999782, "112": 0.6432207140001083, "113": 0.6457256039998356, "114": 0.6423147620002965, "115": 0.6518472249999832, "116": 0.6480768470000839, "117": 0.6426737320002758, "118": 0.6456471709998368, "119": 0.6457166530003633, "120": 0.653358143999867, "121": 0.6654479969997737, "122": 0.6422538349997922, "123": 0.6388676300002771, "124": 0.6458469750000404, "125": 0.6424379570003111, "126": 0.6459400520002418, "127": 0.6420240459997331, "128": 0.644935140999678, "129": 0.6495070989999476, "130": 0.6431542259997514, "131": 0.6446111800000836, "132": 0.6424247370000558, "133": 0.6532066490003672, "134": 0.6515900589997727, "135": 0.652303302999826, "136": 0.6474423839999872, "137": 0.6503535319998264, "138": 0.648785276000126, "139": 0.6472114459998011, "140": 0.6537459400001353, "141": 0.6506720840002345, "142": 0.6492090900001131, "143": 0.6473046829996747, "144": 0.6495824849998826, "145": 0.643187737000062, "146": 0.6455415829996127, "147": 0.6428103900002498, "148": 0.6443445830000201, "149": 0.6512438760000805, "150": 0.6475717280000026, "151": 0.6537937160001093, "152": 0.6556370309999693, "153": 0.6538019470003746, "154": 0.6503310540001621, "155": 0.6589245419995677, "156": 0.6564284569999472, "157": 0.6479250249999495, "158": 0.6493323949998739, "159": 0.6443508490001477, "160": 0.6465227639996556, "161": 0.6449397159999535, "162": 0.6592925780000769, "163": 0.6449968030001401, "164": 0.6382916850002402, "165": 0.6531241389998286, "166": 0.6457678110000415, "167": 0.6458460429998922, "168": 0.647359508000136, "169": 0.6518606319996252, "170": 0.6449180610002259, "171": 0.6506417589998819, "172": 0.660547822999888, "173": 0.6570910430000367, "174": 0.6509043709997968, "175": 0.642610526000226, "176": 0.6460466819999056, "177": 0.6485102179999558, "178": 0.6413278519999039, "179": 0.6482700599999589, "180": 0.6468819629999416, "181": 0.6577583049997884, "182": 0.651526162999744, "183": 0.6482573560001583, "184": 0.6727058689998557, "185": 0.6701434809997409, "186": 0.6526523869997618, "187": 0.64648118399964, "188": 0.6573830470001667, "189": 0.6553498350003792, "190": 0.6465050940000765, "191": 0.64868252999986, "192": 0.6528688580001472, "193": 0.6491746780002359, "194": 0.6420230399999127, "195": 0.6484747720000996, "196": 0.6440231830001721, "197": 0.6443589699997574, "198": 0.6428786850001416, "199": 0.6498425609997867, "200": 0.6513161309999305, "201": 0.65163202299982, "202": 0.65145306300019, "203": 0.6527949630003604, "204": 0.6546381230000407, "205": 0.6640664179999476, "206": 0.652615484999842, "207": 0.6480403000000479, "208": 0.6477707130002273, "209": 0.6541252040001382, "210": 0.6485787510000591, "211": 0.6489662589997351, "212": 0.6483843220003109, "213": 0.6568694759998834, "214": 0.6493278829998417, "215": 0.6490980369999306, "216": 0.6454883890000929, "217": 0.6468779990000257, "218": 0.6481583890004003, "219": 0.6528873289998955, "220": 0.6507498439996198, "221": 0.6430677799999103, "222": 0.6488495520002289, "223": 0.6461218469999039, "224": 0.6437382640001488, "225": 0.647224628999993, "226": 0.6473972379999395, "227": 0.6550271160003831, "228": 0.648687210999924, "229": 0.6474485970002206, "230": 0.6503499000000375, "231": 0.65041735099976, "232": 0.6559577130001344, "233": 0.6553985890000149, "234": 0.6609238979999645, "235": 0.6482290349999857, "236": 0.6751077499998246, "237": 0.648543470000277, "238": 0.650856013000066, "239": 0.6527414119996138, "240": 0.6510037269999884, "241": 0.648005183999885, "242": 0.6491456219996508, "243": 0.6491953639997519, "244": 0.6432439559998784, "245": 0.6442969449999509, "246": 0.6422482620000665, "247": 0.6501138230000834, "248": 0.6502645040000061, "249": 0.6525396500001079, "250": 0.650144661000013, "251": 0.6469484059998649, "252": 0.6448115459998007, "253": 0.6494878290000088, "254": 0.6505238390000159, "255": 0.6493010579997645, "256": 0.6528185180000037, "257": 0.6501044070000717, "258": 0.646413769999981, "259": 0.6494206480001594, "260": 0.6452509900000223, "261": 0.6526921669997137, "262": 0.6486604289998468, "263": 0.6539412550000634, "264": 0.6466020610000669, "265": 0.6425413639999533, "266": 0.6451737560000765, "267": 0.6452397479997671, "268": 0.6455624619998162, "269": 0.6422591760001524, "270": 0.6517905470000187, "271": 0.647995166000328, "272": 0.6489522679999027, "273": 0.6570171549997212, "274": 0.6467319700000189, "275": 0.6501530760001515, "276": 0.6596117369999774, "277": 0.657956552000087, "278": 0.6469117699998606, "279": 0.6492731160001313, "280": 0.6449277249998886, "281": 0.651951136000207, "282": 0.6553401559999656, "283": 0.6472367289998147, "284": 0.644464180000341, "285": 0.6453746660004072, "286": 0.6457705080001688, "287": 0.650532991000091, "288": 0.6484998300002189, "289": 0.6493256280000423, "290": 0.6560715840000739, "291": 0.663406354000017, "292": 0.6555269420000513, "293": 0.6526367859996753, "294": 0.6529359589999331, "295": 0.6535245139998551, "296": 0.6456254129998342, "297": 0.6428202070001134, "298": 0.6602502109999477, "299": 0.6543583349998698, "300": 0.6449176430000989, "301": 0.6474848269999711,