{"0": 3.1276685500000667, "1": 2.5948964020000176, "2": 2.4075970499999357, "3": 2.1706586249999873, "4": 2.823798240999963, "5": 2.176105372000052, "6": 2.8293900659999736, "7": 2.5838048570000183, "8": 2.4244019150000895, "9": 2.183168539999997, "10": 2.432282224000005, "11": 2.1793054149999307, "12": 2.4250428110000257, "13": 2.1818206429999236, "14": 2.4347395720000122, "15": 2.1807520950000026, "16": 2.4260313930000166, "17": 2.1949795369999947, "18": 2.43409133199998, "19": 2.190576796999949, "20": 2.437889512999959, "21": 2.1819019419999677, "22": 2.4422449879999704, "23": 2.188548892999961, "24": 2.4444436979999864, "25": 2.1858334959999866, "26": 2.4366710649999277, "27": 2.1937242930000593, "28": 2.444639120999909, "29": 2.18372057900001, "30": 2.443092383000021, "31": 1.7899789089999558, "32": 2.431669415999977, "33": 2.1941807020000397, "34": 3.267385153999953, "35": 3.019287908000024, "36": 2.4463510350000206, "37": 2.1951889570000276, "38": 2.852571365000017, "39": 2.617537041999981, "40": 2.4472220510000398, "41": 2.1955787650000502, "42": 2.437258006000093, "43": 2.2091077840000253, "44": 2.4457055609999543, "45": 2.2211183419999543, "46": 2.8545051359999434, "47": 2.619995261999975, "48": 2.4878125010000076, "49": 2.2008744010000783, "50": 2.4476185390000182, "51": 2.2147139060000427, "52": 2.463931993000074, "53": 2.208391020000022, "54": 2.4716053130000546, "55": 2.2075146990000576, "56": 2.8856404350000275, "57": 2.631895317000044, "58": 3.299957443999915, "59": 3.022024743999964, "60": 2.869174993999991, "61": 2.6238767400000143, "62": 2.8756068490000644, "63": 2.637240011000017, "64": 2.8768263040000193, "65": 2.6329173799999808, "66": 2.867738196000005, "67": 2.6217392999999447, "68": 2.478923891000022, "69": 2.2090250520000154, "70": 2.4936718439998913, "71": 2.2275445220000165, "72": 2.936010367999984, "73": 2.6424338919999855, "74": 2.8829036140000426, "75": 2.636211711000101, "76": 3.288537937000001, "77": 3.061971023999945, "78": 2.4583498450000434, "79": 2.2202865070000826, "80": 3.317715595999971, "81": 3.05304687499995, "82": 3.2960305459999972, "83": 3.038628023000001, "84": 3.3121653910000077, "85": 3.075202871999977, "86": 2.8846519929999204, "87": 2.6577676800000063, "88": 3.3198027670000556, "89": 3.0584219630000007, "90": 2.485547581999981, "91": 2.270062914999926, "92": 2.491941089000079, "93": 2.2447942379999404, "94": 2.9125492269999995, "95": 2.6453875370000333, "96": 2.902184390000002, "97": 2.667811201000063, "98": 2.080255039000008, "99": 1.836845702000005, "100": 2.0838216419999753, "101": 1.8275774859999956, "102": 3.0253400829999464, "103": 2.8224146739999014, "104": 3.171350322999956, "105": 2.692326666999975, "106": 2.824331561000008, "107": 2.256004923999967, "108": 2.5101976629999854, "109": 2.309105620000082, "110": 2.7784295960000236, "111": 2.289526932000058, "112": 2.535794753999994, "113": 2.2376495150000437, "114": 2.8994185180000613, "115": 2.65933075199996, "116": 2.9072493869998652, "117": 2.6663423720001447, "118": 3.3205433140001333, "119": 3.0895547400000396, "120": 2.9131157550000353, "121": 2.686699851999947, "122": 2.9099397180000324, "123": 2.668302265999955, "124": 2.932674327999848, "125": 2.682838420000053, "126": 3.3310306050000236, "127": 2.6838769650000813, "128": 2.912374656000111, "129": 2.6743441439998605, "130": 2.9001325460001226, "131": 2.6453981719998865, "132": 2.9081030170000304, "133": 2.6521648899999946, "134": 2.4724795300001006, "135": 2.232024686000159, "136": 2.4940320449998126, "137": 2.249968365000086, "138": 2.474900266000077, "139": 2.2276757320000797, "140": 2.521610217999978, "141": 2.2343162629999824, "142": 2.479641903999891, "143": 2.217092730999866, "144": 2.482014442000036, "145": 2.2203288240000347, "146": 2.48122952000017, "147": 2.2200407899999846, "148": 2.484231608000073, "149": 2.23131426000009, "150": 2.4848065210001096, "151": 2.2193220799999835, "152": 2.480819894999968, "153": 2.2241817770000125, "154": 2.075656305000166, "155": 1.815059685000051, "156": 2.471979782000062, "157": 2.2150628029999098, "158": 2.892331783999907, "159": 2.640522848999808, "160": 2.4754175250000117, "161": 2.216103046000171, "162": 2.4727241890000187, "163": 2.2237562189998243, "164": 2.47022108200008, "165": 2.221770450999884, "166": 2.9043392969999786, "167": 2.6404352129998188, "168": 2.471759626999983, "169": 2.2205075829999714, "170": 2.4877056549998997, "171": 2.227902071000017, "172": 2.8756540320000568, "173": 2.642284901999801, "174": 2.0537826620000033, "175": 1.8197732589999305, "176": 2.895429133000107, "177": 2.648375078000072, "178": 2.4803089299998646, "179": 2.239092330999938, "180": 2.4765885589999925, "181": 2.215855749999946, "182": 2.476287174999925, "183": 2.2285466710000037, "184": 2.471773527999858, "185": 2.2309114160000263, "186": 2.4915044420001777, "187": 2.2295940680000967, "188": 2.0542460459998892, "189": 1.8038684089999606, "190": 2.4686160449998624, "191": 2.2242818340000667, "192": 2.4725788800001283, "193": 2.219196154000201, "194": 2.47915316600006, "195": 2.2543423930001154, "196": 2.899045623999882, "197": 2.6479510280000795, "198": 2.485043662999942, "199": 2.2520631699999285, "200": 2.5005016059999434, "201": 2.2273618009999154, "202": 2.48268324799983, "203": 2.227533059000052, "204": 2.0546929249999266, "205": 1.822701380999888, "206": 2.4847746039999947, "207": 2.228421423999862, "208": 2.4749098890001733, "209": 2.227029702999971, "210": 2.4898444620000646, "211": 2.228334487999973, "212": 2.4992667559999973, "213": 2.2322691630001827, "214": 2.4747433780000847, "215": 2.229001278999931, "216": 2.4916724160000285, "217": 2.241610221999963, "218": 2.4829073370001424, "219": 2.247076598999911, "220": 2.48375950500008, "221": 2.2243145479999384, "222": 2.484471880000001, "223": 2.2385413429999517, "224": 2.469134624999924, "225": 2.245311190000166, "226": 2.4739518220001173, "227": 2.2439265340001384, "228": 2.475363077000111, "229": 2.2487072960000205, "230": 2.4894232340000144, "231": 2.226971697000181, "232": 2.4731295809999665, "233": 2.2480174109998643, "234": 2.484369601000026, "235": 2.2317987850001373, "236": 2.477009115999863, "237": 2.2414576070000294, "238": 2.493399219000139, "239": 2.241850344000113, "240": 2.4977281480000784, "241": 2.2299621120000666, "242": 2.485624166999969, "243": 2.2274526280000373, "244": 2.491609531000222, "245": 2.2287542980000126, "246": 2.4782552290000694, "247": 2.249917107999863, "248": 2.4837012210000466, "249": 2.247254397000006}