{"0": 2.782260534999992, "1": 2.037219230000005, "2": 2.365043591999992, "3": 2.0251967709999974, "4": 2.323965157999993, "5": 2.0597551679999953, "6": 2.2992610550000023, "7": 2.015073939000004, "8": 1.8448025120000011, "9": 1.601379559999998, "10": 1.3634753940000053, "11": 1.0748136109999962, "12": 1.6754627409999898, "13": 1.4216668040000116, "14": 2.061648907999995, "15": 1.99049965399999, "16": 1.6530665360000114, "17": 1.4286581629999944, "18": 1.676238135999995, "19": 1.4281944349999947, "20": 2.094672502999998, "21": 1.8430820150000216, "22": 2.092018976999981, "23": 1.8546122799999978, "24": 2.105907538999986, "25": 1.8622090210000124, "26": 2.102935988999974, "27": 1.8492537329999834, "28": 2.0953177999999753, "29": 1.8569452190000106, "30": 2.073915967000005, "31": 1.84015543000001, "32": 1.6614311410000084, "33": 1.4352619439999899, "34": 1.660595403000002, "35": 1.4247608930000126, "36": 1.6619258919999993, "37": 1.4409007939999867, "38": 1.241645931999983, "39": 1.0003425829999912, "40": 1.637585199, "41": 1.4025328219999835, "42": 1.2269836460000079, "43": 0.9931307429999947, "44": 1.2222002869999926, "45": 0.9962540669999953, "46": 1.6344034429999965, "47": 1.3941260779999993, "48": 1.6234029659999862, "49": 1.3943580199999985, "50": 1.6371914599999968, "51": 1.391060409000005, "52": 1.6297374209999873, "53": 1.3894342149999943, "54": 1.6347611029999882, "55": 1.400673495999996, "56": 1.6325102149999964, "57": 1.3918672490000006, "58": 2.026440522999991, "59": 1.7993993219999993, "60": 2.04067305800001, "61": 1.7924187039999993, "62": 1.6175133979999998, "63": 1.3822894259999998, "64": 1.6301408049999964, "65": 1.395926223999993, "66": 1.630623560999993, "67": 1.3907523430000026, "68": 2.4511954129999936, "69": 2.2111562009999943, "70": 2.0293024270000046, "71": 1.7957197910000104, "72": 2.0381290489999913, "73": 1.8209231010000053, "74": 2.0453616839999995, "75": 1.7994863929999951, "76": 1.624420275999995, "77": 1.380157512000011, "78": 2.034466954999999, "79": 1.3768505569999832, "80": 2.044509658999999, "81": 1.7924984930000107, "82": 2.0369588599999986, "83": 1.7954327199999796, "84": 2.036182691999983, "85": 1.7943534529999852, "86": 1.624650537999969, "87": 1.3888811679999549, "88": 2.8668684749999898, "89": 2.631316048999963, "90": 2.060510722999993, "91": 1.7995155940000132, "92": 2.0397608509999827, "93": 1.8067028460000074, "94": 2.0565380209999944, "95": 1.8242955000000052, "96": 1.6480761070000085, "97": 1.402538806999985, "98": 2.052065653999989, "99": 1.8271294119999766, "100": 1.6470469850000313, "101": 1.3983886540000299, "102": 1.6468420019999712, "103": 1.4093199539999546, "104": 1.2344722519999891, "105": 0.9747010489999752, "106": 2.0537863719999905, "107": 1.803766392, "108": 2.058089633999998, "109": 1.8160577410000087, "110": 2.0941800580000063, "111": 1.8104926240000054, "112": 2.4722816630000466, "113": 2.236723514000005, "114": 2.4727580300000227, "115": 2.2350583629999505, "116": 2.480009456999994, "117": 2.2231906430000095, "118": 2.0714548360000435, "119": 1.832686394999996, "120": 2.05644159000002, "121": 1.8339407599999618, "122": 2.0652300130000185, "123": 1.828331966999997, "124": 2.5006606210000086, "125": 2.240031455999997, "126": 2.0817745759999866, "127": 1.8313395620000392, "128": 2.085515798000017, "129": 1.84404148699997, "130": 2.5008699420000085, "131": 2.2542689269999983, "132": 2.5026515619999827, "133": 2.256274072999986, "134": 2.4954062649999855, "135": 2.2511092379999695, "136": 2.4958812079999575, "137": 2.2559220809999943, "138": 2.499292954999987, "139": 2.252690063999978, "140": 2.5069155599999817, "141": 2.2537439910000217, "142": 2.4881452710000076, "143": 2.252710095999987, "144": 2.075067775999969, "145": 1.8283144279999988, "146": 2.068673249000028, "147": 1.8173843490000081, "148": 2.486609016999978, "149": 2.2461158639999894, "150": 2.075781181000025, "151": 1.8246826170000077, "152": 2.0752852340000345, "153": 1.8236832470000195, "154": 2.0635885140000028, "155": 1.8279747489999636, "156": 2.474592696000002, "157": 2.2051107309999907, "158": 2.4760995560000083, "159": 2.2053875469999866, "160": 2.470092803, "161": 2.231509523999989, "162": 2.483853565000004, "163": 2.2365569479999863, "164": 2.074921933999974, "165": 1.8213064430000259, "166": 2.4842134259999966, "167": 2.226576492999982, "168": 2.46795612599999, "169": 2.2261138890000325, "170": 2.8948041579999995, "171": 2.644473230000017, "172": 2.488709889000006, "173": 2.2469546639999862, "174": 2.075384533000033, "175": 1.7939482479999924, "176": 2.4698351449999905, "177": 2.221787424000013, "178": 2.4753924660000166, "179": 2.2217079530000206, "180": 2.0523169730000177, "181": 1.7999220069999637, "182": 2.059509764999973, "183": 1.8072581309999691, "184": 2.065806792999979, "185": 1.798757920000014, "186": 2.0607042039999897, "187": 1.8012494500000003, "188": 2.079162885999949, "189": 1.805882816999997, "190": 2.489193875000012, "191": 2.2288467579999747, "192": 2.0564751969999975, "193": 1.8190217860000075, "194": 2.056076073999975, "195": 1.79647604500002, "196": 2.060149571000011, "197": 1.806784988000004, "198": 2.480990721000012, "199": 2.2227649330000077, "200": 2.4747090480000224, "201": 2.214173463999998, "202": 2.4761729609999747, "203": 2.22838287899998, "204": 2.4670730049999747, "205": 2.234612991000006, "206": 2.0655791349999504, "207": 1.8119151530000863, "208": 2.120747356000038, "209": 1.8115693849999843, "210": 2.4703065960000004, "211": 1.8135150220000469, "212": 2.062447511999949, "213": 1.801958405999926, "214": 2.0490492870000026, "215": 1.8015992030000234, "216": 2.0521650210000644, "217": 1.8159222909999926, "218": 1.6498393460000216, "219": 1.3952070469999853, "220": 1.6290500189999193, "221": 1.3953697809999994, "222": 1.6422850229999995, "223": 1.3935443099999247, "224": 1.6356029959999887, "225": 1.4009700249999923, "226": 1.6306823679999525, "227": 1.400315825000007, "228": 2.0489807229999997, "229": 1.8082647710000401, "230": 2.0465462189999926, "231": 1.8043064909999202, "232": 2.0524932539999554, "233": 1.8072635959999843, "234": 2.0622556929999973, "235": 1.808674633999999, "236": 2.054757185000085, "237": 1.810419042000035, "238": 2.07119623199992, "239": 1.82063008800003, "240": 2.0676000409999915, "241": 1.816520555000011, "242": 2.0737177289998954, "243": 1.8220183570000472, "244": 2.066487213000073, "245": 1.8168956420000768, "246": 2.069645960999992, "247": 1.8230604340000127, "248": 2.0696029780000345, "249": 1.8136713559999862}