{"0": 2.1076638869999442, "1": 2.0540129409996553, "2": 1.2232653309997659, "3": 0.9690180869997675, "4": 1.1922397119997186, "5": 0.9538222070000302, "6": 1.2004303659996367, "7": 0.9694734559998324, "8": 1.2025443970001106, "9": 0.9858850760001587, "10": 1.2028768479999599, "11": 1.0291599800002587, "12": 1.2181887169999754, "13": 0.980358717999934, "14": 1.6280199940001694, "15": 1.3933846089998951, "16": 1.6320536260000154, "17": 1.394800977000159, "18": 1.638146811000297, "19": 1.406390465000186, "20": 1.6479649279999649, "21": 1.407233910999821, "22": 1.6444306220000726, "23": 1.3997879519997696, "24": 1.638533949000248, "25": 1.4056643640001312, "26": 1.6505864109999493, "27": 1.3971724049997647, "28": 1.6452156810000815, "29": 1.385897293999733, "30": 1.6414216319999468, "31": 1.4012074439997377, "32": 1.6316111189998992, "33": 1.390371764000065, "34": 1.6515085539999745, "35": 1.4082980860002863, "36": 1.6346015120002448, "37": 1.4021230250000372, "38": 1.6402284939999845, "39": 1.3945612840002468, "40": 1.6668377670002883, "41": 1.390983279000011, "42": 1.647082416000103, "43": 1.4044094010000663, "44": 1.6605021299997134, "45": 1.4062374390000514, "46": 1.6531725269996969, "47": 1.4116551490001257, "48": 1.6614782859996922, "49": 1.414632938000068, "50": 1.6664310940000178, "51": 1.4051952410000013, "52": 1.644469991999813}