{"0": 0.9750754540000344, "1": 0.5443253460000506, "2": 0.768420180000021, "3": 0.5392079040000226, "4": 0.7711511740000105, "5": 0.5397450279999703, "6": 0.7765169409999544, "7": 0.5415321670000139, "8": 0.790935074999993, "9": 0.5434087790000603, "10": 0.7730484459999616, "11": 0.5427570320000541, "12": 0.7754367779999711, "13": 0.5461677879999343, "14": 0.7827861700000085, "15": 0.5426414109999769, "16": 0.778082118000043, "17": 0.5432704629999989, "18": 0.7848845199999914, "19": 0.5398787840000523, "20": 0.772656043999973, "21": 0.5431760420000273, "22": 0.7740762439999571, "23": 0.5352550830000382, "24": 0.7828994029999876, "25": 0.5417727049999712, "26": 0.774140922000015, "27": 0.538945300000023, "28": 0.7768248899999435, "29": 0.5429074669999636, "30": 0.7804624589999776, "31": 0.5482594479999534, "32": 0.7800110160000031, "33": 0.5562383310000314, "34": 0.7902371669999866, "35": 0.5407281070000636, "36": 0.7926139370000556, "37": 0.5421892040000102, "38": 0.7736444929998925, "39": 0.5404973369999198, "40": 0.7794243890000416, "41": 0.5442859070000168, "42": 0.7825487750000093, "43": 0.5386651950000214, "44": 0.7797451679999767, "45": 0.5429452810000157, "46": 0.7830389900000227, "47": 0.5432101069999362, "48": 0.7759217349999972, "49": 0.5455310080000118, "50": 0.7841174370000772, "51": 0.5403689949999944, "52": 0.7759264759999951, "53": 0.5376976380000542, "54": 0.7824973140000111, "55": 0.5372879319999129, "56": 0.7787849470000765, "57": 0.5420890689999851, "58": 0.7779843949999758, "59": 0.5445632969999679, "60": 0.7776238430000149, "61": 0.5412134489999971, "62": 0.7796489470000552, "63": 0.5439136749999989, "64": 0.7799525210000411, "65": 0.5431497910000189, "66": 0.773625698999922, "67": 0.5406494859998929, "68": 0.7755108540000037, "69": 0.5435202359999494, "70": 0.7759943269999212, "71": 0.541230968999912, "72": 0.7740830830000505, "73": 0.5456681970000545, "74": 0.778193578000014, "75": 0.5367435929999829, "76": 0.776604941999949, "77": 0.545729935000054, "78": 0.7806030430000419, "79": 0.548572924000041, "80": 0.7886442639999132, "81": 0.5325908900000513, "82": 0.7756324660000473, "83": 0.540131798999937, "84": 0.7821123700000499, "85": 0.5461964929999112, "86": 0.780508472000065, "87": 0.5463243479999846, "88": 0.7830845229999568, "89": 0.5407637399999885, "90": 0.7781685070000322, "91": 0.5468600489999744, "92": 0.780135798999936, "93": 0.5434012460000304, "94": 0.784144523000009, "95": 0.5482711839999865, "96": 0.7840973699999267, "97": 0.5337633359999927, "98": 0.7800432880000017, "99": 0.5425141090000807, "100": 0.7823774619999995, "101": 0.5425609160000704, "102": 0.7823757260000548, "103": 0.5480425289999857, "104": 0.7848737550000351, "105": 0.5431810009999936, "106": 0.7847795139999789, "107": 0.5470766580000372, "108": 0.7763163750000786, "109": 0.5411623009999857, "110": 0.7826434610000206, "111": 0.5408288489999222, "112": 0.7764994090000528, "113": 0.543010632000005, "114": 0.7815214839999953, "115": 0.5498303330000454, "116": 0.7879724260000103, "117": 0.5446432820000382, "118": 0.7845640320000484, "119": 0.5427552780000724, "120": 0.7846109959999694, "121": 0.5482370460000539, "122": 0.7834935149999183, "123": 0.5429454120001083, "124": 0.785534771000016, "125": 0.5431886819999363, "126": 0.7804876639999065, "127": 0.5439532079999481, "128": 0.7880748690000701, "129": 0.5511264589999882, "130": 0.7886576700000205, "131": 0.5394103200000018, "132": 0.7838991620000115, "133": 0.546639973000083, "134": 0.7919240289999152, "135": 0.5495506760000808, "136": 0.7962705190000179, "137": 0.5556596920000629, "138": 0.7843271369999911, "139": 0.5447739270000511, "140": 0.7836505999999872, "141": 0.5442607869999847, "142": 0.783860273000073, "143": 0.5424383060000082, "144": 0.7816980979999926, "145": 0.5456775489999472, "146": 0.779705349999972, "147": 0.5542936290000853, "148": 0.782340363000003, "149": 0.5496077830000559, "150": 0.7872981670000172, "151": 0.553116196000019, "152": 0.7909143370000038, "153": 0.5590599519999842, "154": 0.7879690260000416, "155": 0.541560782999909, "156": 0.7901146619999508, "157": 0.5489599689999523, "158": 0.7832040980000556, "159": 0.5541649170000937, "160": 0.7804609260000461, "161": 0.5427045139999791, "162": 0.783321935999993, "163": 0.5491778570000179, "164": 0.7808535589999792, "165": 0.5401761839999608, "166": 0.7838549829999693, "167": 0.5503218099999003, "168": 0.7986426909999409, "169": 0.5540275690000271, "170": 0.7891836610000382, "171": 0.542408835999936, "172": 0.7795044749999533, "173": 0.5451414609999574, "174": 0.7868532960000039, "175": 0.5525713249999171, "176": 0.7844262219999791, "177": 0.5422420859999875, "178": 0.7896186619999526, "179": 0.5435515189999478, "180": 0.7867865870000514, "181": 0.5419725310000558, "182": 0.7864091730000382, "183": 0.5447447950000424, "184": 0.7845363769999949, "185": 0.543638159000011, "186": 0.7789760950000755, "187": 0.5435796059999802, "188": 0.7810526669999263, "189": 0.5443470030000981, "190": 0.7884207559999368, "191": 0.5471985880000148, "192": 0.7830203729999994, "193": 0.5476391550000699, "194": 0.7903667949999544, "195": 0.5509823099999949, "196": 0.7921116449999772, "197": 0.5477384639999627, "198": 0.7898238999999876, "199": 0.5463614589999679, "200": 0.7881160029999137, "201": 0.5478298020000238, "202": 0.7923118180000301, "203": 0.5596863819999953, "204": 0.7897389140000541, "205": 0.5509943490000069, "206": 0.7857803680000188, "207": 0.5546038620000218, "208": 0.7835223629999746, "209": 0.5440151950000427, "210": 0.7885420950000253, "211": 0.5463302110000541, "212": 0.785721634999959, "213": 0.551900111000009, "214": 0.7870839299999943, "215": 0.5558921759999293, "216": 0.7834609639999144, "217": 0.5490910510000049, "218": 0.7890229390000059, "219": 0.5625221300000476, "220": 0.787893904999919, "221": 0.5495409379999501, "222": 0.7862692940000215, "223": 0.5491788409999572, "224": 0.7870789789999435, "225": 0.5563062060000448, "226": 0.7963098489999538, "227": 0.5492466409999679, "228": 0.7912385350000477, "229": 0.5466011350000599, "230": 0.7951397629999519, "231": 0.5541108470000609, "232": 0.7914411699999846, "233": 0.552146078000078, "234": 0.7901006790000338, "235": 0.5489827019999893, "236": 0.7880715309999005, "237": 0.5489268100000118, "238": 0.7925907359999655, "239": 0.5508059369999501, "240": 0.7893120979999821, "241": 0.543419808000067, "242": 0.7856371000000308, "243": 0.546485045000054, "244": 0.786785694999935, "245": 0.5538386059999993, "246": 0.7868357910000441, "247": 0.5561647170000015, "248": 0.7874186520000421, "249": 0.5510258030000159, "250": 0.8054127929999595, "251": 0.5501487540000198, "252": 0.7942252689999805, "253": 0.5507951609999964, "254": 1.1964955470000405, "255": 0.9524401689999422, "256": 0.7836481529999446, "257": 0.5428726119999965, "258": 0.7862819750000654, "259": 0.5611940499999264, "260": 0.7920527559999755, "261": 0.5573450979999279, "262": 0.7862399240000286, "263": 0.5472249839999677, "264": 0.7868649749999577, "265": 0.5504946470000505, "266": 0.7880461770000693, "267": 0.5459363649999887, "268": 0.7797043089999534, "269": 0.5484510730000238, "270": 0.7848283659999424, "271": 0.5508660400000736, "272": 0.7898217429999477, "273": 0.5480985059999739, "274": 0.7867046179999306, "275": 0.5586668920000193, "276": 0.7913468990000183, "277": 0.5475768210000069, "278": 0.7901650549999886, "279": 0.5574340040000152, "280": 0.7939424300000155, "281": 0.5482093690000056, "282": 0.7877974110000423, "283": 0.5520090380000511, "284": 0.7853644070000882, "285": 0.5423112760000777, "286": 0.7860715420000588, "287": 0.558363260999954, "288": 0.7874500399999533, "289": 0.5524496000000454, "290": 0.7889518700000053, "291": 0.5502282710000372, "292": 0.7871315830000185, "293": 0.5631433470000502, "294": 0.7875271010000233, "295": 0.561564470999997, "296": 0.7938901289999194, "297": 0.5456352380000453, "298": 0.782211456999903, "299": 0.5619616520000363, "300": 0.7853348689999393,