{"0": 0.7032512199999985, "1": 0.12294465799999443, "2": 0.38023111500000084, "3": 0.09072898999998813, "4": 1.2460836120000067, "5": 0.6966749390000047, "6": 0.9593410330000012, "7": 0.620850400000009, "8": 0.9594596160000037, "9": 0.7024301839999936, "10": 0.9834323850000004, "11": 0.69949867199999, "12": 1.2032533869999895, "13": 0.7578666439999893, "14": 0.9616531260000016, "15": 0.6150361140000058, "16": 0.8567156450000084, "17": 0.5956437470000111, "18": 0.9127213129999916, "19": 0.6318020270000062, "20": 0.8673028049999942, "21": 0.5910128559999919, "22": 0.8529489650000102, "23": 0.5860487079999928, "24": 0.8412575750000002, "25": 0.5871719519999914, "26": 0.843658387000005, "27": 0.5891475769999914, "28": 0.8416265890000005, "29": 0.5929390649999959, "30": 0.8452575089999925, "31": 0.593073173999997, "32": 0.8415268199999986, "33": 0.5850419799999997, "34": 0.8545340659999994, "35": 0.5936071069999969, "36": 0.8725905379999972, "37": 0.6035042600000082, "38": 0.8500002119999976, "39": 0.5834636299999971, "40": 0.847154267999997, "41": 0.5478095429999996, "42": 0.7883160960000026, "43": 0.5560507670000021, "44": 0.7858018409999943, "45": 0.541172983999985, "46": 0.7847379799999885, "47": 0.5474896380000018, "48": 0.7938187240000047, "49": 0.569662319999992, "50": 0.7772154360000059, "51": 0.544282829999986, "52": 0.7795681300000012, "53": 0.5470048970000221, "54": 0.7871117119999838, "55": 0.5417664830000035, "56": 0.7830261969999981, "57": 0.5449337700000001, "58": 0.7971637070000099, "59": 0.5611978769999837, "60": 0.8456029510000178, "61": 0.5392017050000106, "62": 0.7848890939999933, "63": 0.5447452980000094, "64": 0.7867821809999782, "65": 0.5441664310000078, "66": 0.7905904890000102, "67": 0.5489776520000191, "68": 0.7824506519999943, "69": 0.5560209699999916, "70": 0.7806079970000042, "71": 0.5475750160000246, "72": 0.7882367109999961, "73": 0.5532399619999921, "74": 0.7800010050000026, "75": 0.5483216730000038, "76": 0.7882051939999997, "77": 0.5442420249999884, "78": 0.792064148999998, "79": 0.5470041039999956, "80": 0.7921746250000012, "81": 0.5446827530000178, "82": 0.7871149499999888, "83": 0.5485778149999874, "84": 0.7860360479999997, "85": 0.5540624059999857, "86": 0.7872398410000017, "87": 0.5485276090000184, "88": 0.7894190279999975, "89": 0.5520592850000128, "90": 0.7906219520000093, "91": 0.5547492400000067, "92": 0.7811962130000154, "93": 0.5468123679999906, "94": 0.7919778779999831, "95": 0.5520923159999995, "96": 0.7858827430000019, "97": 0.5473942099999931, "98": 0.787875841999977, "99": 0.5509770580000009, "100": 0.7900311399999964, "101": 0.5591574860000037, "102": 0.7856202659999951, "103": 0.553012587000012, "104": 0.7943318920000024, "105": 0.555681772000014, "106": 0.7871695620000025, "107": 0.5519218090000209, "108": 0.7946247650000089, "109": 0.5615320230000123, "110": 0.7881930230000194, "111": 0.5516162199999997, "112": 0.7839946670000018, "113": 0.5525461999999948, "114": 0.795702145000007, "115": 0.5586345250000022, "116": 0.7923861989999921, "117": 0.561983884, "118": 0.7828941020000002, "119": 0.5558408120000138, "120": 0.8019876120000049, "121": 0.5494200400000011, "122": 0.7830856909999966, "123": 0.5583590420000064, "124": 0.790807841000003, "125": 0.5483886110000071, "126": 0.7951276800000073, "127": 0.5490955329999849, "128": 0.7908202690000223, "129": 0.5459413850000203, "130": 0.7925463690000072, "131": 0.5505004070000155, "132": 0.7951151880000111, "133": 0.5488084319999871, "134": 0.7933486649999963, "135": 0.5485448629999894, "136": 0.7889340760000039, "137": 0.5468696539999769, "138": 0.7926348999999959, "139": 0.5468973479999875, "140": 0.7907339500000035, "141": 0.5532382830000131, "142": 0.7947590059999925, "143": 0.5469094460000008, "144": 0.7976503900000012, "145": 0.5590430510000033, "146": 0.7866119260000062, "147": 0.5491963860000055, "148": 0.7922155029999942, "149": 0.5503461329999766, "150": 0.7887057260000176, "151": 0.5461078639999926, "152": 0.7913509129999738, "153": 0.5485210189999918, "154": 0.7909478159999992, "155": 0.5485302769999976, "156": 0.7917270279999968, "157": 0.5459732389999772, "158": 0.789974476999987, "159": 0.5536787350000054, "160": 0.7906084329999885, "161": 0.5478432499999997, "162": 0.7913524930000051, "163": 0.5463462849999985, "164": 0.8014696470000047, "165": 0.5494119029999922, "166": 0.7911270419999994, "167": 0.5560268090000022, "168": 0.7957490419999829, "169": 0.546489016999999, "170": 0.7936273729999925, "171": 0.5478882510000176, "172": 0.7925495799999851, "173": 0.5477751679999869, "174": 0.7901885320000019, "175": 0.5538161590000072, "176": 0.7841996060000156, "177": 0.5520123660000138, "178": 0.7947910450000109, "179": 0.545060718000002, "180": 0.792036607, "181": 0.5552073600000256, "182": 0.7967369970000107, "183": 0.5487278020000019, "184": 0.7953469079999991, "185": 0.5636724519999916, "186": 0.7921749110000178, "187": 0.5504497489999949, "188": 0.785731501000015, "189": 0.5454878790000066, "190": 0.7950962509999897, "191": 0.5503082250000091, "192": 0.7984167199999774, "193": 0.5503322290000199, "194": 0.788320586999987, "195": 0.5464007950000109, "196": 0.7869489389999842, "197": 0.5586953449999896, "198": 0.7960461309999971, "199": 0.5497724109999922, "200": 0.7868186610000123, "201": 0.5472146500000008, "202": 0.7840725089999978, "203": 0.54638061899999, "204": 0.7934222080000097, "205": 0.5502466769999899, "206": 0.7939049189999992, "207": 0.5513767449999989, "208": 0.7952428549999979, "209": 0.5494887899999981, "210": 0.7962571900000057, "211": 0.552374412000006, "212": 0.8037803989999759, "213": 0.5446510870000054, "214": 0.7988680100000067, "215": 0.5482613080000078, "216": 0.7940246850000108, "217": 0.5697322249999957, "218": 0.7893864700000108, "219": 0.5641012309999951, "220": 0.7942218139999966, "221": 0.5518212080000069, "222": 0.7961014280000143, "223": 0.5495165260000192, "224": 0.790547623000009, "225": 0.5505705010000099, "226": 0.7920383229999857, "227": 0.5582849120000049, "228": 0.7985110959999986, "229": 0.5575530730000082, "230": 0.7907458960000042, "231": 0.5642049649999876, "232": 0.7883865249999928, "233": 0.5492294759999936, "234": 0.7909670910000273, "235": 0.5630249380000123, "236": 0.7973407929999894, "237": 0.5512079929999913, "238": 0.7960363679999887, "239": 0.5453591460000098, "240": 0.7906460500000208, "241": 0.5503319900000179, "242": 0.7969335649999607, "243": 0.5523508640000045, "244": 0.799269000000038, "245": 0.5522689459999697, "246": 0.7929757640000048, "247": 0.5539423690000262, "248": 0.7899211769999965, "249": 0.5517317059999982, "250": 0.7919159240000226, "251": 0.5563783380000018, "252": 0.8105774370000063, "253": 0.5533864340000036, "254": 0.7964090520000013, "255": 0.5554985320000014, "256": 0.7913880259999928, "257": 0.5465984740000067, "258": 0.7927687840000317, "259": 0.5505233730000327, "260": 0.7982542489999673, "261": 0.552950787000043, "262": 0.794353593999972, "263": 0.5489045930000316, "264": 0.7922306060000324, "265": 0.5567868320000002, "266": 0.7990231680000193, "267": 0.5542707949999794, "268": 0.7987398470000358, "269": 0.550995649000015, "270": 0.7920890849999864, "271": 0.5521424249999995, "272": 0.7903687650000393, "273": 0.5530628409999849, "274": 0.7864665309999737, "275": 0.5502335300000141, "276": 0.7959986509999908, "277": 0.5475642069999935, "278": 0.7917268310000054, "279": 0.5494043219999867, "280": 0.7883367860000021, "281": 0.5527123869999855, "282": 0.7986657929999978, "283": 0.555696786999988, "284": 0.7949181949999797, "285": 0.552258337000012, "286": 0.7926949319999608, "287": 0.5554897840000308, "288": 0.7919428409999796, "289": 0.5482248640000194, "290": 0.7922337350000248, "291": 0.5517249520000291, "292": 0.7967622329999813, "293": 0.5556420849999881, "294": 0.7961721210000405, "295": 0.5493549340000072, "296": 0.7989024760000234, "297": 0.5593344420000221, "298": 0.7918268909999711, "299": 0.5551541580000503, "300": 0.7941729670000086,