{"0": 1.476129819000107, "1": 1.5140884770000866, "2": 1.3170204730001842, "3": 1.302565192999964, "4": 1.3101628839999648, "5": 1.3050406600000315, "6": 1.2974229430001287, "7": 1.2882071030001043, "8": 1.0631569909999143, "9": 0.8621187729997928, "10": 0.8677477580001778, "11": 1.092939333000004, "12": 1.0853089580000415, "13": 1.0830143089999638, "14": 1.255759702999967, "15": 1.0577964760000214, "16": 1.0670791150000696, "17": 1.052894907000109, "18": 1.075957059999837, "19": 1.2770423369997843, "20": 1.28682320300004, "21": 1.2918029730001308, "22": 1.3093836220000412, "23": 1.3075053459999708, "24": 1.3145818160001, "25": 1.3116628139998738, "26": 1.315994160999935, "27": 1.3082583259999865, "28": 1.3168298139999024, "29": 1.290561660000094, "30": 1.2823415760001353, "31": 1.0836164299998927, "32": 1.0701689689999512, "33": 1.259570045999908, "34": 1.0778710639999645, "35": 1.2587755709998873, "36": 1.0774282360000598, "37": 0.8489109590000226, "38": 0.8403616040000088, "39": 0.8345200539999951, "40": 1.0339789879999444, "41": 1.0400885069998367, "42": 0.8285927299998548, "43": 0.8326932279999255, "44": 0.8307844290000048, "45": 1.026984488999915, "46": 1.0245064399998682, "47": 1.0180878879998545, "48": 1.0169544709999627, "49": 1.03267988399989, "50": 1.0237203550000231, "51": 0.8111091279999982, "52": 1.0125086880000254, "53": 1.0052464479999799, "54": 1.007961350999949, "55": 1.0049507600001562, "56": 1.0125313140001708, "57": 1.0125750820000121, "58": 1.2084978709999632, "59": 1.1926828399998612, "60": 1.201706478999995, "61": 1.2040999970001849, "62": 1.008437959000048, "63": 1.0193512509999891, "64": 1.009242684000128, "65": 1.2137374920000639, "66": 1.025096418999965, "67": 1.2278159380000488, "68": 1.4152915969998503, "69": 1.201901479999833, "70": 1.204190922999942, "71": 1.215845217000151, "72": 1.2320311470000433, "73": 1.211635023000099, "74": 1.2211374470000464, "75": 1.0081143079999038, "76": 1.0098159369999848, "77": 1.0053646409999146, "78": 1.2038012339999113, "79": 1.4128727570000592, "80": 1.2156312859999616, "81": 1.211649843000032, "82": 1.2168475080000007, "83": 1.2149792919999527, "84": 1.2129958689999967, "85": 1.2127604009999686, "86": 1.0005920969999806, "87": 1.0095911199998682, "88": 1.6285988279998946, "89": 1.2484873440000683, "90": 1.2381186140000864, "91": 1.4367184280001766, "92": 1.2231117910000648, "93": 1.435780098999885, "94": 1.2308191479999095, "95": 1.0290181759999086, "96": 1.030772776000049, "97": 1.221943169000042, "98": 1.2395887989998755, "99": 1.427046750000045, "100": 1.054928044999997, "101": 1.0313597459999073, "102": 1.0180199529997935, "103": 1.2089556260000336, "104": 0.8265929819999656, "105": 1.0104233580000255, "106": 1.2202989219999836, "107": 1.2352200380000795, "108": 1.2235994140000912, "109": 1.2149832579998474, "110": 1.22251163299984, "111": 1.241978379999864, "112": 1.4327715910001189, "113": 1.2303689550001309, "114": 1.433143280999957, "115": 1.234173078999902, "116": 1.4550447350000013, "117": 1.247921333000022, "118": 1.257009516999915, "119": 1.4671884660001524, "120": 1.2485168520001935, "121": 1.2475978520001263, "122": 1.242254532999823, "123": 1.2546624340000108, "124": 1.4419680110001991, "125": 1.2429217810001774, "126": 1.257505071999958, "127": 1.249746474999938, "128": 1.241952455999808, "129": 1.454627151000068, "130": 1.4585936600001332, "131": 1.461934213000177, "132": 1.4499322620001749, "133": 1.4573796479999146, "134": 1.4488927060001515, "135": 1.4640838080001686, "136": 1.4516077430000678, "137": 1.245144832999813, "138": 1.4502623759999551, "139": 1.2470363360000647, "140": 1.449556498999982, "141": 1.2409914820000267, "142": 1.4506910109998898, "143": 1.4455012680000436, "144": 1.245395366999901, "145": 1.2391238540001268, "146": 1.2415128060001734, "147": 1.4676380799999151, "148": 1.4510911050001596, "149": 1.2408779509999022, "150": 1.2411078140000882, "151": 1.4548337229998651, "152": 1.242065182000033, "153": 1.4347740870000507, "154": 1.2316400439999597, "155": 1.4308155629998964, "156": 1.4331672989999333, "157": 1.4148426019999079, "158": 1.4304856149999523, "159": 1.420680238000159, "160": 1.4305022880000706, "161": 1.6418831620001129, "162": 1.4466872619998412, "163": 1.2391143010001997, "164": 1.2368894679998448, "165": 1.224960597999825, "166": 1.4397276259999217, "167": 1.4255934620000517, "168": 1.4252270050001243, "169": 1.546912796000015, "170": 1.675186052999834, "171": 1.4427047329998004, "172": 1.459218399000065, "173": 1.2408124559999578, "174": 1.2419746630000645, "175": 1.2262985630000003, "176": 1.4555382150001606, "177": 1.238178453000046, "178": 1.4320158289999654, "179": 1.4338329019999492, "180": 1.2391857090001395, "181": 1.2432911470000363, "182": 1.2303933579999011, "183": 1.2435897610000666, "184": 1.2259615760001452, "185": 1.4480565730000308, "186": 1.2329428340001414, "187": 1.447017052999854, "188": 1.2394935260001603, "189": 1.4515349400001014, "190": 1.4429055549999248, "191": 1.236273047000168, "192": 1.2409725479999452, "193": 1.2297950029999356, "194": 1.2443030929998713, "195": 1.2273391300000185, "196": 1.2327026830000705, "197": 1.2274720810000872, "198": 1.435118823000039, "199": 1.4283534860001055, "200": 1.4356932339999275, "201": 1.4245777539999835, "202": 1.4324542189999647, "203": 1.441873299000008, "204": 1.4315542260001166, "205": 1.2300775740000063, "206": 1.242401948999941, "207": 1.2377926960000423, "208": 1.23203731600006, "209": 1.2305310829999598, "210": 1.4196031089998087, "211": 1.2252306299999418, "212": 1.228356094999981, "213": 1.0312635880000016, "214": 1.2244427690000066, "215": 1.5065900250001505, "216": 1.4914756640000633, "217": 1.2570543720000842, "218": 1.2497357429999738, "219": 1.2625489600000037, "220": 1.2427765240001918, "221": 1.2531076470002063, "222": 1.2257482679999612, "223": 1.0508876650001184, "224": 1.0848620950000623, "225": 1.2540555000000495, "226": 1.0583248049999838, "227": 1.2242378359999293, "228": 1.2264847260000806, "229": 1.2396906960000251, "230": 1.2543359059998238, "231": 1.2263476919999903, "232": 1.4065944890000992, "233": 1.2802858070001548, "234": 1.2283609280000292, "235": 1.031195604000004, "236": 1.2299856519998684, "237": 1.2367153269999562, "238": 1.254677564000076, "239": 1.2525101999999606, "240": 1.223627695999994, "241": 1.2368919949999508, "242": 1.227022227000134, "243": 1.235632957000007, "244": 1.236518100000012, "245": 1.4294255129998419, "246": 1.2219783629998346, "247": 1.238116613000102, "248": 1.2432420979998824, "249": 1.2240527639999073}