{"0": 1.8079914649999864, "1": 1.5798990369999046, "2": 1.369950259999996, "3": 1.5816076560001875, "4": 1.584287753999888, "5": 1.3830286089998935, "6": 1.6006026269999438, "7": 1.8145890969999527, "8": 1.4150174870001138, "9": 1.4120211530000688, "10": 1.423139837000008, "11": 1.4006399639999927, "12": 1.4108428320000712, "13": 1.603778999000042, "14": 1.414415536999968, "15": 1.4381374950000918, "16": 1.4066158849998374, "17": 1.405489469000031, "18": 1.391623736999918, "19": 1.3873238969999875, "20": 1.3954149910000524, "21": 1.4095102210001187, "22": 1.4050595539999904, "23": 1.4094950459998472, "24": 1.4111638800000037, "25": 1.4266014800000448, "26": 1.4233216150000771, "27": 1.4069562069998938, "28": 1.4060754059998999, "29": 1.4152770470000178, "30": 1.4229158570001346, "31": 1.6056431969998357, "32": 1.4158999960000074, "33": 1.4084149149998666, "34": 1.821005557000035, "35": 1.4120251750000534, "36": 1.408720004000088, "37": 1.4244266580001295, "38": 1.6333277159999398, "39": 1.6335787610000807, "40": 1.4261471309998797, "41": 1.619747784999845, "42": 1.432986751000044, "43": 1.4314841500001876, "44": 1.4243466160000935, "45": 1.4223998550000942, "46": 1.623425528000098, "47": 1.4283543940000527, "48": 1.4442531229999531, "49": 1.4328146970001399, "50": 1.4215731980000328, "51": 1.4210791119999158, "52": 1.4391387839998515, "53": 1.4160334329999387, "54": 1.4235601610000685, "55": 1.4239682459999585, "56": 1.6275399109999853, "57": 1.6499127019999378, "58": 1.8369919570000093, "59": 1.855834920999996, "60": 1.6301209840000865, "61": 1.6370741220000582, "62": 1.6294387890000053, "63": 1.6397661700000299, "64": 1.645731466000143, "65": 1.4405997080000361, "66": 1.6616434299999128, "67": 1.6704545980001058, "68": 1.4358853399999134, "69": 1.439519189999828, "70": 1.4519946049999817, "71": 1.86895603999983, "72": 1.6479538319999847, "73": 1.6521404180000445, "74": 1.649264771000162, "75": 1.8674448070000835, "76": 1.8711352479999732, "77": 1.6685699360000399, "78": 1.4584186170000066, "79": 1.459417521999967, "80": 1.8687817039999572, "81": 1.6711675500000638, "82": 1.8747175759999664, "83": 1.8876925450001636, "84": 1.8826578250000239, "85": 1.8709651320000376, "86": 1.676763684000207, "87": 1.8659746439998344, "88": 1.8932812610000838, "89": 1.881047750000107, "90": 1.4699373819998982, "91": 1.6615063560002454, "92": 1.4727380439999251, "93": 1.4600492519998625, "94": 1.661951512000087, "95": 1.4630930319999607, "96": 1.6704179220000697, "97": 1.454105373999937, "98": 1.279274111000177, "99": 1.455709147000107, "100": 1.2531334300001618, "101": 1.2528583150001396, "102": 1.472551239999575, "103": 1.6613725279999016, "104": 1.4637342060000265, "105": 1.4589095010001074, "106": 1.4619123779998517, "107": 1.4579286949997368, "108": 1.4653107399999499, "109": 1.458965082999839, "110": 1.4647502389998408, "111": 1.4637667469996813, "112": 1.4503935489997275, "113": 1.4557829319996927, "114": 1.6639795679998315, "115": 1.4653664590000517, "116": 1.669947184999728, "117": 1.6733225950001724, "118": 1.8618758739999066, "119": 1.6650136180001027, "120": 1.6971462659998906, "121": 1.6611961500002508, "122": 1.6732749520001562, "123": 1.6964619780001158, "124": 1.6890135839998948, "125": 1.477560555999844, "126": 1.8748791170000914, "127": 1.6683870640003988, "128": 1.6764786160001677, "129": 1.6748283160000028, "130": 1.6507264130000294, "131": 1.6690841280001223, "132": 1.6741383049998149, "133": 1.4624069760002385, "134": 1.463262460000351, "135": 1.4573389349998251, "136": 1.4571991279999565, "137": 1.4398184289998426, "138": 1.4453067689996715, "139": 1.4279451859997607, "140": 1.4488170109998464, "141": 1.4408483299998807, "142": 1.447209668999676, "143": 1.4434456779999891, "144": 1.444048403999659, "145": 1.440161033000095, "146": 1.4364724580000257, "147": 1.4412778450000587, "148": 1.434667048999927, "149": 1.4434558289999586, "150": 1.4383874979998836, "151": 1.4375573419997636, "152": 1.4290566459999354, "153": 1.4369693019998522, "154": 1.2394321769997987, "155": 1.4654040010000244, "156": 1.4361927079999077, "157": 1.4560922119999304, "158": 1.646222231000138, "159": 1.6324252530002923, "160": 1.448493537000104, "161": 1.4417192589999104, "162": 1.444592972999999, "163": 1.4328686060002838, "164": 1.435686123999858, "165": 1.4383626069998172, "166": 1.6574746149999555, "167": 1.4478352589999304, "168": 1.4378880879999087, "169": 1.443033208000088, "170": 1.4457082830003856, "171": 1.8564668150002035, "172": 1.6497828100000334, "173": 1.6386786330003815, "174": 1.265137508999942, "175": 1.4616229150001345, "176": 1.8149127190004037, "177": 1.8042382159997032, "178": 1.758029059999899, "179": 1.5428793480000422, "180": 1.7740016499997182, "181": 2.043047391000073, "182": 1.5302017330000126, "183": 1.5188374649997058, "184": 1.3909632879999663, "185": 1.3723880529996677, "186": 1.3792146450000473, "187": 1.3841340409999248, "188": 1.1857053530002304, "189": 1.1900124260000666, "190": 1.3854706919996715, "191": 1.1754775019999215, "192": 1.3884566379997523, "193": 1.1935381319999578, "194": 1.3694108830000005, "195": 1.5690992439999718, "196": 1.5690699570000106, "197": 1.5920331779998378, "198": 1.3906855129998803, "199": 1.3881846769995718, "200": 1.3840520069998092, "201": 1.5857423370002834, "202": 1.4774391060000198, "203": 1.4854861849998997, "204": 1.2701925239998673, "205": 1.292829768000047, "206": 1.481962120999924, "207": 1.6425463699997636, "208": 1.523550909000278, "209": 1.4780455079999228, "210": 1.4518134360000658, "211": 1.4465089179998358, "212": 1.449825490999956, "213": 1.4444854539997323, "214": 1.44298855299985, "215": 1.4427675039996757, "216": 1.4470344170003955, "217": 1.4677346210000906, "218": 1.46004391400038, "219": 1.4456521760002943, "220": 1.4522362180000528, "221": 1.4461300560001291, "222": 1.437620672000321, "223": 1.4637318370000685, "224": 1.446557823999683, "225": 1.4541207480001503, "226": 1.448222707000241, "227": 1.4681121479998183, "228": 1.4457692559999487, "229": 1.4434047710001323, "230": 1.4437217839999903, "231": 1.4831393330000537, "232": 1.4484040930001356, "233": 1.4514531729996634, "234": 1.4385998879997715, "235": 1.449740484999893, "236": 1.4521761940000033, "237": 1.4444461680000131, "238": 1.4474276450000616, "239": 1.4481488149999677, "240": 1.465476026000033, "241": 1.44907538499956, "242": 1.4447699080001257, "243": 1.4441996529999415, "244": 1.4565575100000387, "245": 1.4422163999997792, "246": 1.4351542230001542, "247": 1.4464167430000998, "248": 1.4409965569998349, "249": 1.4470575390000704}