{"0": 1.589605340000162, "1": 0.8594405019998703, "2": 0.8010109599999851, "3": 0.7973025890000827, "4": 0.7998650110002927, "5": 0.786794097999973, "6": 0.7993925569999192, "7": 0.8016763290002018, "8": 0.796371537000141, "9": 0.8045545859999947, "10": 0.8091049960003147, "11": 0.7989274470000964, "12": 0.7990911460001371, "13": 0.7990963540000848, "14": 1.0125013980000404, "15": 1.0228004580003471, "16": 1.0243201610001051, "17": 1.0718174050002744, "18": 1.010466844000348, "19": 1.0097920449998128, "20": 1.0100111609999658, "21": 1.0085204689999046, "22": 1.0275910750001458, "23": 1.0572538700002951, "24": 1.0296277079996798, "25": 1.0324781539998185, "26": 1.0311847539996961, "27": 1.0328005510000366, "28": 1.0588657059997786, "29": 1.0243764550000378, "30": 1.0253709449998496, "31": 1.023928949999572, "32": 1.0179123269999764, "33": 1.0293720240001676, "34": 1.0448824899999636, "35": 1.0517581839999366, "36": 1.0477473620003366, "37": 1.0587348140002177, "38": 1.0258447460000752, "39": 1.0520338090000223, "40": 1.1502435360002892, "41": 1.0186143079999965, "42": 1.035452288000215, "43": 1.0166223610003726, "44": 1.0149663539996254, "45": 1.0408430689999477, "46": 1.027907314999993, "47": 1.0296257690001767, "48": 1.027917000999878, "49": 1.020945161000327, "50": 1.0257809899999302, "51": 1.0219428260002132, "52": 1.0286606529998608}