{"0": 0.6960278120000112, "1": 0.5663485160000619, "2": 0.5525580390000187, "3": 0.5609420140000339, "4": 0.5604199579998976, "5": 0.5501955130000624, "6": 0.5614871840000433, "7": 0.5573221240000521, "8": 0.5569403609999881, "9": 0.5616443919999483, "10": 0.5608678629999986, "11": 0.5591288209999448, "12": 0.5683529789999966, "13": 0.5602221430000327, "14": 0.5651659709999421, "15": 0.5698967020000509, "16": 0.5720938860000615, "17": 0.5707803010000134, "18": 0.5732637670000713, "19": 0.5565414039999723, "20": 0.5739005899999938, "21": 0.5739026669999703, "22": 0.5554173440000341, "23": 0.5591735090000611, "24": 0.570614833000036, "25": 0.5792007569999669, "26": 0.5635667640000293, "27": 0.5657462500000747, "28": 0.5613457949999656, "29": 0.5615003970000316, "30": 0.5661277789999986, "31": 0.5645708050000167, "32": 0.5664663579999569, "33": 0.5654792090000456, "34": 0.567287145000023, "35": 0.5600813330000847, "36": 0.5641626190000579, "37": 0.5685544030000074, "38": 0.577068359000009, "39": 0.5628315990001056, "40": 0.5615231140000105, "41": 0.5593212920000497, "42": 0.5607019950000449, "43": 0.5599252290001004, "44": 0.5757485849999284, "45": 0.5557656619999989, "46": 0.57523337300006, "47": 0.5587480659999073, "48": 0.5603608930000519, "49": 0.5619864680001001, "50": 0.5688743919999979, "51": 0.5706892619999735, "52": 0.5710505769999372, "53": 0.5788195530000166, "54": 0.5721194340000011, "55": 0.558160695999959, "56": 0.5691589709999789, "57": 0.5634750479999866, "58": 0.55946507200008, "59": 0.5578721779999114, "60": 0.5682455090000076, "61": 0.5783891509998966, "62": 0.569666489000042, "63": 0.5637660429999869, "64": 0.5745366830000194, "65": 0.5897332009999445, "66": 0.5683124600000156, "67": 0.5621924239999316, "68": 0.566898861000027, "69": 0.5669064570000728, "70": 0.572119419000046, "71": 0.5723571030000585, "72": 0.5761194100000466, "73": 0.575801102000014, "74": 0.5702186659999597, "75": 0.5608987960000604, "76": 0.569743410000001, "77": 0.5618962880000709, "78": 0.574090452000064, "79": 0.5632250840000097, "80": 0.588349231000052, "81": 0.5617234520000238, "82": 0.5811715000000959, "83": 0.5571075649999102, "84": 0.5692452980000553, "85": 0.5646464239999887, "86": 0.5649649199999658, "87": 0.5636069190001081, "88": 0.5637274859999479, "89": 0.5686317749999716, "90": 0.5856681330000129, "91": 0.5626274009999861, "92": 0.5727964049999628, "93": 0.5643556100000069, "94": 0.5764768479999702, "95": 0.5738899729999503, "96": 0.5780519630000072, "97": 0.559698477999973, "98": 0.5710498159999133, "99": 0.5579683579999255, "100": 0.5605472839999948, "101": 0.5691894799999773, "102": 0.5736568700000362, "103": 0.5640879270000596, "104": 0.5672768120000455, "105": 0.559482461000016, "106": 0.5642625589999852, "107": 0.567071100000021, "108": 0.5752141570000049, "109": 0.5643584859999464, "110": 0.5676974650000375, "111": 0.563371482999969, "112": 0.5770531489999939, "113": 0.5640023869999595, "114": 0.5656427899999699, "115": 0.5535773230000132, "116": 0.5848557790000086, "117": 0.5750333869999622, "118": 0.5697439770000301, "119": 0.565980943999989, "120": 0.5662563360000377, "121": 0.5696518049999213, "122": 0.5665624969999499, "123": 0.5818627859999879, "124": 0.561985011000047, "125": 0.5705653659999825, "126": 0.5714969310000697, "127": 0.5734944220000671, "128": 0.5681072349999567, "129": 0.5653288409999959, "130": 0.5643587519999755, "131": 0.5713013939999882, "132": 0.5625890000000027, "133": 0.5690194530000099, "134": 0.5717937960000654, "135": 0.5662030679999361, "136": 0.5690123109999377, "137": 0.5748660650000375, "138": 0.5730285289999983, "139": 0.564081404000035, "140": 0.5690156030000253, "141": 0.567251175000024, "142": 0.5643428199999789, "143": 0.5713312710000764, "144": 0.5651597400000128, "145": 0.5625998140000092, "146": 0.5635783580000862, "147": 0.5670836730000701, "148": 0.5725760410000476, "149": 0.568800918000079, "150": 0.5676163750000569, "151": 0.566264173000036, "152": 0.5721701770000891, "153": 0.5597136339999906, "154": 0.5765570460000617, "155": 0.5701878649999799, "156": 0.5701490379999541, "157": 0.5801199940000288, "158": 0.5743072400000528, "159": 0.5789339710000831, "160": 0.5592292779999752, "161": 0.5747011539999676, "162": 0.5994673419999117, "163": 0.5640951729999415, "164": 0.572436745999994, "165": 0.5636569670000426, "166": 0.5823865849999947, "167": 0.5726843090000102, "168": 0.5775819919999776, "169": 0.5775459569999839, "170": 0.5752462250000008, "171": 0.5618284480000284, "172": 0.5841611939999893, "173": 0.5794086310000921, "174": 0.5717747339999733, "175": 0.5643747459999986, "176": 0.5767427900000257, "177": 0.5879630870000483, "178": 0.577953639000043, "179": 0.5671064410000781, "180": 0.5781851489999781, "181": 0.5672849579999593, "182": 0.5684721609999315, "183": 0.5626007089999803, "184": 0.5752060759999722, "185": 0.5763731109999526, "186": 0.5810496180000655, "187": 0.5612744510000311, "188": 0.56513862099996, "189": 0.5663888039999847, "190": 0.570612366999967, "191": 0.5719964419999997, "192": 0.5744850170000291, "193": 0.5728600359999518, "194": 0.5781247940000185, "195": 0.5660851490000596, "196": 0.5762105069999279, "197": 0.5663311860000704, "198": 0.5688443000000234, "199": 0.5677965589999303, "200": 0.5674067160000504, "201": 0.5652984780000452, "202": 0.5668281089999709, "203": 0.565607329000045, "204": 0.5656689730000153, "205": 0.5666823919999615, "206": 0.5677995380000311, "207": 0.5712428210000553, "208": 0.5892567510001072, "209": 0.5669136940000499, "210": 0.5677163919999657, "211": 0.5664209840000467, "212": 0.5673297729999831, "213": 0.5687284860000545, "214": 0.5782160759999897, "215": 0.5674592999999959, "216": 0.5693627809999953, "217": 0.5702482509999527, "218": 0.5808900380000068, "219": 0.5679582740000342, "220": 0.5776455830000486, "221": 0.5803914619999659, "222": 0.5701662689999694, "223": 0.5677878290000535, "224": 0.5715205200000355, "225": 0.5650119320000613, "226": 0.5770278940000253, "227": 0.5739869630000385, "228": 0.5793926160000638, "229": 0.5647262490000458, "230": 0.5746678500000826, "231": 0.5662962919999472, "232": 0.5812667480000755, "233": 0.5667826750000131, "234": 0.5787779979999641, "235": 0.5700217969999812, "236": 0.576317476999975, "237": 0.5673172229999182, "238": 0.5758374499999945, "239": 0.5647051530000908, "240": 0.5667965709999407, "241": 0.583990201000006, "242": 0.5876750060000404, "243": 0.5781616340000255, "244": 0.5713371519999555, "245": 0.5727535559999524, "246": 0.5723148509999874, "247": 0.5709676010000067, "248": 0.5716552009999987, "249": 0.5924674780000032, "250": 0.5769322510000165, "251": 0.564368019000085, "252": 0.5774324049999677, "253": 0.5622008569999934, "254": 0.7709374439999692, "255": 0.5726181879999785, "256": 0.5773111099999824, "257": 0.5696019219999471, "258": 0.5798670739999352, "259": 0.5652591829999665, "260": 0.5779582650000066, "261": 0.5690785799999958, "262": 0.5717925169999489, "263": 0.5664071720000265, "264": 0.5968334460000051, "265": 0.5677078219999885, "266": 0.5686031910000793, "267": 0.5671498680000013, "268": 0.5762532240000837, "269": 0.5664326959999926, "270": 0.5779802189999828, "271": 0.5767701830000078, "272": 0.57823143600001, "273": 0.5794430079999984, "274": 0.5784656169998925, "275": 0.5811215669999683, "276": 0.5854777219999505, "277": 0.5741286479999417, "278": 0.5774255559999801, "279": 0.5616840820000562, "280": 0.5743795330000694, "281": 0.5670709920000263, "282": 0.5738820550000128, "283": 0.5823506550000275, "284": 0.5815067479999243, "285": 0.5694976280000219, "286": 0.5846147419999852, "287": 0.5695042720000174, "288": 0.5746945739999774, "289": 0.5656713370000261, "290": 0.5809320500000013, "291": 0.5690871259999994, "292": 0.5777363810000224, "293": 0.5844960379999975, "294": 0.576304800999992, "295": 0.5660005430000865, "296": 0.581893414000092, "297": 0.5743939500000579, "298": 0.5819124770000599, "299": 0.5667935800000805, "300": 0.5674175679999962,