{"0": 0.4005720940000401, "1": 0.34847171000001254, "2": 0.3174117569999453, "3": 0.6716995890000135, "4": 0.5730375509999703, "5": 0.573721149999983, "6": 0.569242933000055, "7": 0.5694095800000696, "8": 0.5716048379999847, "9": 0.5708420400000023, "10": 0.5708889839999074, "11": 0.5752881480000269, "12": 0.5712259120000454, "13": 0.5691378279999526, "14": 0.5658503680000422, "15": 0.5724673069998971, "16": 0.5653791930000125, "17": 0.5650129210000614, "18": 0.5753488220000236, "19": 0.5716458440000451, "20": 0.5754680400000325, "21": 0.5756364580000763, "22": 0.5676406420000149, "23": 0.5645670349999818, "24": 0.5667157350000025, "25": 0.5663312540000334, "26": 0.5657598430000235, "27": 0.5734758190000093, "28": 0.57292337399997, "29": 0.5712188669999705, "30": 0.5719599790000984, "31": 0.5698949619999212, "32": 0.5665516739999248, "33": 0.5651864349999869, "34": 0.5642435290000094, "35": 0.5704268509999793, "36": 0.5892398450000655, "37": 0.5564680030000773, "38": 0.5610903179999696, "39": 0.5680671590000657, "40": 0.567865267000002, "41": 0.5673278699999855, "42": 0.5609858250001025, "43": 0.5673180359999606, "44": 0.5633800340000334, "45": 0.5680301060000374, "46": 0.564957024000023, "47": 0.5578377049999972, "48": 0.5611366929999804, "49": 0.5674654220000548, "50": 0.5676349769998978, "51": 0.5702506080000376, "52": 0.5706333240000276, "53": 0.5709491899999648, "54": 0.5623175790000232, "55": 0.5668488190000289, "56": 0.5713380759999609, "57": 0.5763234579999335, "58": 0.5692223329999706, "59": 0.5774482749999379, "60": 0.5619041060000427, "61": 0.5737404490000699, "62": 0.566675258000032, "63": 0.5596323540000867, "64": 0.5679081470000256, "65": 0.55927254300002, "66": 0.5739752460000318, "67": 0.5708894569999075, "68": 0.5746595610000895, "69": 0.5642072510000844, "70": 0.5700406260000364, "71": 0.5600541259999545, "72": 0.5587089519999608, "73": 0.5623447940000688, "74": 0.5722009059999209, "75": 0.5632843610000009, "76": 0.5619768970000223, "77": 0.5638584260000243, "78": 0.5675253169999905, "79": 0.5746887519999291, "80": 0.5606450999999879, "81": 0.5605463979999286, "82": 0.5641636940000581, "83": 0.5783224159999918, "84": 0.5678356200000962, "85": 0.5608815770000319, "86": 0.5631094020000091, "87": 0.5596765330000153, "88": 0.5617612940000072, "89": 0.5648852240000224, "90": 0.5636973949999629, "91": 0.5711404440000933, "92": 0.5603754449999769, "93": 0.5753886019999754, "94": 0.5632714030000443, "95": 0.5620597160000216, "96": 0.5579363489999878, "97": 0.5702784110000039, "98": 0.5587940469999921, "99": 0.5862195899999278, "100": 0.5614491879999832, "101": 0.5753668629999993, "102": 0.5566106339999806, "103": 0.5646847049999906, "104": 0.5663256310000406, "105": 0.5683273569999301, "106": 0.5629453529999182, "107": 0.5741549900000109, "108": 0.5624684109999407, "109": 0.5690656130000207, "110": 0.5634840730000406, "111": 0.5712406139999757, "112": 0.5652128870000297, "113": 0.5680771029999505, "114": 0.5675232460000643, "115": 0.5751481229999627, "116": 0.5679548729999624, "117": 0.5732138370000257, "118": 0.564686474000041, "119": 0.5643117780000466, "120": 0.5674519730000611, "121": 0.5699272289999726, "122": 0.5675700110000435, "123": 0.5744733440000118, "124": 0.5677009659999612, "125": 0.5645578410000098, "126": 0.5651449860000639, "127": 0.5604499410000017, "128": 0.5624524520000023, "129": 0.5648492330000181, "130": 0.5632737020000604, "131": 0.5627020429999448, "132": 0.5656123969999953, "133": 0.5753784339999584, "134": 0.5596849809999185, "135": 0.5588375410000026, "136": 0.5619901840000239, "137": 0.5678368320000118, "138": 0.5686640830000442, "139": 0.5660785379999425, "140": 0.5624661519999563, "141": 0.5685487389999935, "142": 0.5640810149999425, "143": 0.5750435830000242, "144": 0.5593122580000909, "145": 0.5823165219999282, "146": 0.5612042509999355, "147": 0.5667385159999867, "148": 0.5754353290000154, "149": 0.5728163429999995, "150": 0.5660265829999389, "151": 0.5643844359999548, "152": 0.5832752019999816, "153": 0.5639520350000566, "154": 0.5646184040000435, "155": 0.569352442999957, "156": 0.5665653910000401, "157": 0.5687540559999889, "158": 0.5682799920000434, "159": 0.5645500689997789, "160": 0.5661345809999148, "161": 0.5671907290000036, "162": 0.5775694040000872, "163": 0.5680438490001052, "164": 0.5673509529999592, "165": 0.5683403780001299, "166": 0.5656511980000687, "167": 0.5751821379999456, "168": 0.5737544189998971, "169": 0.5776939529998799, "170": 0.5674068660000557, "171": 0.5770910380001624, "172": 0.5668275420000555, "173": 0.5664651009999488, "174": 0.5783919410000635, "175": 0.5724477729997943, "176": 0.5807185539999864, "177": 0.5624768650000078, "178": 0.5638313949998519, "179": 0.5633760289999827, "180": 0.5742441649999819, "181": 0.574039004000042, "182": 0.5834656770000493, "183": 0.5729618370000935, "184": 0.5742762529998799, "185": 0.5752797519999149, "186": 0.5715375810000296, "187": 0.5615702879999844, "188": 0.563089957999864, "189": 0.5766840819999288, "190": 0.573132902999987, "191": 0.5770656590000272, "192": 0.5753461859999334, "193": 0.5640061209999203, "194": 0.5701803140000266, "195": 0.5722911610000665, "196": 0.5659553970001525, "197": 0.5804247480000413, "198": 0.5736662350000188, "199": 0.5711615319999055, "200": 0.5711629209999955, "201": 0.5664503309999418, "202": 0.5651816690001397, "203": 0.5642879949998587, "204": 0.5714182420001634, "205": 0.5692283630000929, "206": 0.5761754950001432, "207": 0.5660304939999605, "208": 0.5682568639999772, "209": 0.5820220149998931, "210": 0.5749920079999811, "211": 0.582988473000114, "212": 0.5758377889999338, "213": 0.5699448799998663, "214": 0.5655551849999938, "215": 0.570373385000039, "216": 0.5788266519998615, "217": 0.5706141369998932, "218": 0.5659634720000213, "219": 0.5653298370000357, "220": 0.5793463390000397, "221": 0.5807313759999033, "222": 0.5660713999998279, "223": 0.565056481000056, "224": 0.5678304810001009, "225": 0.5642753479999101, "226": 0.5652463930000522, "227": 0.5735788889999185, "228": 0.5807225629998811, "229": 0.5716610770000443, "230": 0.5701447169999483, "231": 0.5866743459998816, "232": 0.5729887100001179, "233": 0.5856856140001128, "234": 0.5801028509999924, "235": 0.5746815840000181, "236": 0.5799845559999994, "237": 0.5768945590000385, "238": 0.5759496369998942, "239": 0.5710792960001072, "240": 0.5720446109999102, "241": 0.5704957590000959, "242": 0.5747869389999778, "243": 0.5855816800001321, "244": 0.5682548800000404, "245": 0.5794377799998074, "246": 0.5752012180000747, "247": 0.5808444280000913, "248": 0.5754233269999531, "249": 0.5798697099999117, "250": 0.5777473360001295, "251": 0.575057587999936, "252": 0.5715248989999964, "253": 0.5683898580000459, "254": 0.5686071279999396, "255": 0.5693474089998745, "256": 0.5758011639998131, "257": 0.5670037840000077, "258": 0.5796904819999327, "259": 0.568070237000029, "260": 0.5795470360001218, "261": 0.5764689630000248, "262": 0.5710135950000677, "263": 0.5651987020000888, "264": 0.5659313240000756, "265": 0.5675716719999855, "266": 0.5734453439999925, "267": 0.5653977829999803, "268": 0.5730841969998437, "269": 0.5662601829999403, "270": 0.5683837389999553, "271": 0.5671879450001143, "272": 0.5735642049999115, "273": 0.5667528410001523, "274": 0.5671680309999374, "275": 0.5657153669999389, "276": 0.5648758120000821, "277": 0.571912305000069, "278": 0.5733497429998806, "279": 0.5667360840000129, "280": 0.5724679400000241, "281": 0.5708228429998599, "282": 0.5836135899999135, "283": 0.5662613370000145, "284": 0.5815680829998655, "285": 0.5820226949999778, "286": 0.5699726309999278, "287": 0.568547781999996, "288": 0.5718532240000513, "289": 0.5783321829999295, "290": 0.5842049739999311, "291": 0.569569539999975, "292": 0.571521384999869, "293": 0.567903914999988, "294": 0.5705746359999466, "295": 0.5699339289999443, "296": 0.572482257000047, "297": 0.5787098789999163, "298": 0.5699037000001681, "299": 0.5714532690001306, "300": 0.5912003159999131,